ssc_p,hsc_p,degree_p,mba_p,academic_avg,academic_trend,weighted_academic,is_top_performer,gender_M,hsc_s_Commerce,degree_t_Others,degree_t_Sci&Tech,workex_Yes,specialisation_Mkt&HR,mba_grade_Average,mba_grade_Good,mba_grade_VeryGood,mba_grade_Excellent,etest_tier_Medium,etest_tier_High
-0.9743919360016939,-0.9313358067740842,0.22297671365603391,-1.06480020350539,-1.239748688796532,0.3467727861054629,-0.06959993830067035,-0.1382327032752274,0.8864052604279182,-0.780805960329528,1.6870547845739468,-0.6919126161531287,1.0672569667868559,-0.9631774724179828,1.6925525987445438,-0.6605041325807084,-0.5097475058154178,-0.3648896763690086,-0.5484642268462742,1.2215612297409535
-1.5956247990333539,-0.5623643357874413,-0.7466407603866085,-0.2741717988148372,-1.5223317124228235,1.3080779443079216,-2.059007444205081,-0.1382327032752274,0.8864052604279182,-0.780805960329528,-0.5927489783638191,1.4452692098024813,1.0672569667868559,1.038230262476527,-0.5908235884319065,1.5139950693310888,-0.5097475058154178,-0.3648896763690086,-0.5484642268462742,-0.818624540181307
-1.3674531879342073,-0.29748557198090897,1.9362572695828517,1.3359517677354975,0.25871026982043627,1.9123269008923238,-0.036463048571473276,-0.1382327032752274,0.8864052604279182,-0.780805960329528,-0.5927489783638191,-0.6919126161531287,-0.9369814684936247,-0.9631774724179828,-0.5908235884319065,-0.6605041325807084,-0.5097475058154178,2.7405543778353203,-0.5484642268462742,-0.818624540181307
-1.5644294615783922,-1.2148025540056366,0.3545765244735996,-0.537180030801147,-1.495419043506035,1.1473218716337286,-1.260139724247068,-0.1382327032752274,0.8864052604279182,1.280727928329292,-0.5927489783638191,-0.6919126161531287,1.0672569667868559,1.038230262476527,1.6925525987445438,-0.6605041325807084,-0.5097475058154178,-0.3648896763690086,1.8232729703268034,-0.818624540181307
0.948132146579785,1.9321430398502164,0.026818505078903928,0.8339909347372364,1.770625562895798,-0.4392355491306649,1.8578127258581134,-0.1382327032752274,0.8864052604279182,1.280727928329292,1.6870547845739468,-0.6919126161531287,1.0672569667868559,1.038230262476527,-0.5908235884319065,-0.6605041325807084,1.9617555526835775,-0.3648896763690086,-0.5484642268462742,1.2215612297409535
0.2948126507373076,-0.784490737716428,-0.0029776785024314043,-0.2420976241823611,-0.3203926952640564,-0.38915074256885696,0.18534514123749782,-0.1382327032752274,-1.1281521496355325,-0.780805960329528,1.6870547845739468,-0.6919126161531287,-0.9369814684936247,-0.9631774724179828,-0.5908235884319065,1.5139950693310888,-0.5097475058154178,-0.3648896763690086,-0.5484642268462742,1.2215612297409535
1.555995579273605,-0.3235087487759368,-0.8087161428477251,-0.30624597344731447,0.26688018717017675,-1.564528057850015,-0.4726161647368884,-0.1382327032752274,-1.1281521496355325,-0.780805960329528,1.6870547845739468,-0.6919126161531287,-0.9369814684936247,1.038230262476527,-0.5908235884319065,1.5139950693310888,-0.5097475058154178,-0.3648896763690086,-0.5484642268462742,-0.818624540181307
-0.5768742072898999,-0.7027036106463406,-0.6907729161716032,0.9414394197560316,-0.6596845569650135,0.9970674519483018,0.16026857603702116,-0.1382327032752274,-1.1281521496355325,-0.780805960329528,-0.5927489783638191,-0.6919126161531287,1.0672569667868559,1.038230262476527,-0.5908235884319065,-0.6605041325807084,1.9617555526835775,-0.3648896763690086,-0.5484642268462742,1.2215612297409535
-0.29076839806011023,0.6077492208175556,0.39430476924871516,0.9462505459509033,0.5936768811597662,0.7401808634538627,0.4835771488002969,-0.1382327032752274,0.8864052604279182,-0.780805960329528,-0.5927489783638191,-0.6919126161531287,1.0672569667868559,-0.9631774724179828,-0.5908235884319065,-0.6605041325807084,1.9617555526835775,-0.3648896763690086,1.8232729703268034,-0.818624540181307
-1.9049042875153996,1.792733164162568,-1.6156961148422408,-0.30303855598406626,-0.8163547367306087,1.5738505468697777,-1.1647094622341476,-0.1382327032752274,-1.1281521496355325,-0.780805960329528,-0.5927489783638191,-0.6919126161531287,1.0672569667868559,-0.9631774724179828,-0.5908235884319065,1.5139950693310888,-0.5097475058154178,-0.3648896763690086,-0.5484642268462742,-0.818624540181307
-1.2177155681503926,0.5371148838024798,-0.38536203446290945,-0.9653702621447123,-0.8173159034776374,0.6173923054313647,-1.0624129978449033,-0.1382327032752274,0.8864052604279182,1.280727928329292,1.6870547845739468,-0.6919126161531287,1.0672569667868559,-0.9631774724179828,1.6925525987445438,-0.6605041325807084,-0.5097475058154178,-0.3648896763690086,-0.5484642268462742,-0.818624540181307
-0.05100994733483559,0.6570073768938581,0.18697299182858554,0.9799284293150052,0.678259554898245,0.5398416372066285,1.2342819419446982,-0.1382327032752274,0.8864052604279182,1.280727928329292,1.6870547845739468,-0.6919126161531287,-0.9369814684936247,1.038230262476527,-0.5908235884319065,-0.6605041325807084,1.9617555526835775,-0.3648896763690086,-0.5484642268462742,1.2215612297409535
0.3670075745616471,1.0213318520242451,0.5842554395797321,-1.5202534832865608,0.4965990397099159,-1.0984162290409234,1.0331718694440561,-0.1382327032752274,0.8864052604279182,1.280727928329292,1.6870547845739468,-0.6919126161531287,1.0672569667868559,1.038230262476527,-0.5908235884319065,-0.6605041325807084,-0.5097475058154178,-0.3648896763690086,-0.5484642268462742,1.2215612297409535
-0.4146584525241005,-0.6460102612000302,-0.8087161428477251,2.633352131619184,-0.08154275862754946,1.7022938411169972,0.7835008294123369,-0.1382327032752274,-1.1281521496355325,1.280727928329292,1.6870547845739468,-0.6919126161531287,1.0672569667868559,-0.9631774724179828,-0.5908235884319065,-0.6605041325807084,-0.5097475058154178,2.7405543778353203,-0.5484642268462742,1.2215612297409535
1.4971700857871055,-0.18781646977329217,-0.38287901916446526,-0.6350062634302011,0.3716473625962485,-1.6768149628837463,1.141538454774686,-0.1382327032752274,0.8864052604279182,-0.780805960329528,-0.5927489783638191,-0.6919126161531287,-0.9369814684936247,1.038230262476527,1.6925525987445438,-0.6605041325807084,-0.5097475058154178,-0.3648896763690086,-0.5484642268462742,1.2215612297409535
-1.2471283148936418,0.3874816172310705,0.22918425190214523,0.08987008326377369,-0.356436448277614,1.1755955527573299,-0.5736189967943616,-0.1382327032752274,0.8864052604279182,1.280727928329292,-0.5927489783638191,1.4452692098024813,-0.9369814684936247,1.038230262476527,-0.5908235884319065,1.5139950693310888,-0.5097475058154178,-0.3648896763690086,-0.5484642268462742,-0.818624540181307
-0.4110932711006764,-0.21755724325332454,1.6445029720156026,-0.4152981671977355,0.17797226307006692,0.16339776853238858,0.3476462437850184,-0.1382327032752274,0.8864052604279182,-0.780805960329528,1.6870547845739468,-0.6919126161531287,1.0672569667868559,1.038230262476527,1.6925525987445438,-0.6605041325807084,-0.5097475058154178,-0.3648896763690086,1.8232729703268034,-0.818624540181307
-1.3326926690558216,-0.1162527335869663,0.7419269110309678,-0.8883922430267686,-0.7577235651618884,0.7603763499707216,-0.9974328507182733,-0.1382327032752274,0.8864052604279182,-0.780805960329528,-0.5927489783638191,1.4452692098024813,-0.9369814684936247,-0.9631774724179828,1.6925525987445438,-0.6605041325807084,-0.5097475058154178,-0.3648896763690086,-0.5484642268462742,-0.818624540181307
-0.37900663828985903,1.0687312097580461,0.9765718567339886,1.982246386579905,1.320318941913085,1.3420063616562437,1.527637950718518,-0.1382327032752274,-1.1281521496355325,1.280727928329292,-0.5927489783638191,-0.6919126161531287,-0.9369814684936247,-0.9631774724179828,-0.5908235884319065,-0.6605041325807084,-0.5097475058154178,2.7405543778353203,-0.5484642268462742,1.2215612297409535
1.5060830393456666,-0.38299029573600024,0.2577389278342576,0.14279247140736126,0.756594644781046,-1.2931007190634378,0.3022696019936825,-0.1382327032752274,-1.1281521496355325,-0.780805960329528,-0.5927489783638191,-0.6919126161531287,-0.9369814684936247,-0.9631774724179828,-0.5908235884319065,1.5139950693310888,-0.5097475058154178,-0.3648896763690086,1.8232729703268034,-0.818624540181307
-1.2096939099476887,1.5929123423436045,-0.43378083278258045,-0.6799101079156687,-0.20024685188553382,0.7539137942853277,-0.541377698679463,-0.1382327032752274,0.8864052604279182,1.280727928329292,1.6870547845739468,-0.6919126161531287,1.0672569667868559,-0.9631774724179828,1.6925525987445438,-0.6605041325807084,-0.5097475058154178,-0.3648896763690086,-0.5484642268462742,-0.818624540181307
0.5648751435616879,-1.1069922501405214,-0.8000255893031687,0.6575829742586127,-0.3804656169533191,-0.1807333217148786,-0.9579273095095882,-0.1382327032752274,-1.1281521496355325,-0.780805960329528,1.6870547845739468,-0.6919126161531287,1.0672569667868559,1.038230262476527,-0.5908235884319065,-0.6605041325807084,1.9617555526835775,-0.3648896763690086,-0.5484642268462742,-0.818624540181307
0.33848612317425314,0.5352560854599783,-2.3072158754590797,-1.829769268489962,-0.9821560005929745,-1.2284751622094907,-1.6688280309072006,-0.1382327032752274,-1.1281521496355325,-0.780805960329528,-0.5927489783638191,1.4452692098024813,-0.9369814684936247,1.038230262476527,-0.5908235884319065,-0.6605041325807084,-0.5097475058154178,-0.3648896763690086,-0.5484642268462742,-0.818624540181307
-0.042096993776275696,0.484139131041174,-0.6137994419198189,0.36089685890820333,0.0981954230667249,0.21994513077959224,0.13141062402060147,-0.1382327032752274,-1.1281521496355325,-0.780805960329528,-0.5927489783638191,1.4452692098024813,-0.9369814684936247,-0.9631774724179828,-0.5908235884319065,1.5139950693310888,-0.5097475058154178,-0.3648896763690086,1.8232729703268034,-0.818624540181307
-0.4512015621141979,-0.5066003855123817,1.966053453164187,-0.43133525451397414,0.1265498421040584,0.19167144965598984,0.2441556572433762,-0.1382327032752274,-1.1281521496355325,-0.780805960329528,-0.5927489783638191,-0.6919126161531287,-0.9369814684936247,1.038230262476527,1.6925525987445438,-0.6605041325807084,-0.5097475058154178,-0.3648896763690086,1.8232729703268034,-0.818624540181307
0.5122887175661812,-1.0484401023517094,-0.9800441984404064,0.6206976734312638,-0.45928129020963243,-0.15165182113060258,-1.3243237899387628,-0.1382327032752274,0.8864052604279182,-0.780805960329528,-0.5927489783638191,-0.6919126161531287,1.0672569667868559,-0.9631774724179828,-0.5908235884319065,-0.6605041325807084,1.9617555526835775,-0.3648896763690086,-0.5484642268462742,-0.818624540181307
-1.9209476039208084,-1.6386085760960876,1.5973256813451546,-1.428842085584002,-1.6929388100203313,1.0213020357685323,-0.9738489382083025,-0.1382327032752274,-1.1281521496355325,1.280727928329292,-0.5927489783638191,-0.6919126161531287,-0.9369814684936247,-0.9631774724179828,-0.5908235884319065,-0.6605041325807084,-0.5097475058154178,-0.3648896763690086,1.8232729703268034,-0.818624540181307
0.030989225403920267,-0.4489776368948206,0.10751650227835621,2.166672890716645,0.4754533712752956,1.0633086477235967,-0.1592586099103088,-0.1382327032752274,0.8864052604279182,-0.780805960329528,-0.5927489783638191,1.4452692098024813,1.0672569667868559,-0.9631774724179828,-0.5908235884319065,-0.6605041325807084,-0.5097475058154178,2.7405543778353203,-0.5484642268462742,-0.818624540181307
1.3349543310213068,1.1969882953906823,-0.9999083208279641,-0.2356827892558659,0.881065738521197,-1.328644775333109,0.8849017021872769,-0.1382327032752274,0.8864052604279182,-0.780805960329528,1.6870547845739468,-0.6919126161531287,-0.9369814684936247,1.038230262476527,-0.5908235884319065,1.5139950693310888,-0.5097475058154178,-0.3648896763690086,-0.5484642268462742,1.2215612297409535
0.3411600092418214,0.09565027745825955,-0.1010567827909964,-0.8964107866848873,-0.07433400802483629,-0.7607476944790507,-0.5099324819995039,-0.1382327032752274,-1.1281521496355325,-0.780805960329528,-0.5927489783638191,1.4452692098024813,1.0672569667868559,1.038230262476527,1.6925525987445438,-0.6605041325807084,-0.5097475058154178,-0.3648896763690086,-0.5484642268462742,-0.818624540181307
1.0809351546023358,-0.30399136617966593,1.011334070912214,-0.5724616228968713,0.6455798854992885,-1.2680583157825338,-0.018551216285418514,-0.1382327032752274,-1.1281521496355325,-0.780805960329528,-0.5927489783638191,-0.6919126161531287,-0.9369814684936247,1.038230262476527,1.6925525987445438,-0.6605041325807084,-0.5097475058154178,-0.3648896763690086,-0.5484642268462742,-0.818624540181307
0.7680904846968652,0.2601539307696844,0.01564493623590428,1.8170643872226493,1.0992505900966,0.2191373113189175,1.4598715185696123,-0.1382327032752274,0.8864052604279182,-0.780805960329528,1.6870547845739468,-0.6919126161531287,1.0672569667868559,-0.9631774724179828,-0.5908235884319065,-0.6605041325807084,-0.5097475058154178,2.7405543778353203,-0.5484642268462742,1.2215612297409535
1.6709726801790337,0.9283919348991461,0.5879799625273993,-0.8049993889823285,1.3674161125174678,-1.9199686205467217,0.5204954253454427,-0.1382327032752274,0.8864052604279182,-0.780805960329528,1.6870547845739468,-0.6919126161531287,-0.9369814684936247,1.038230262476527,1.6925525987445438,-0.6605041325807084,-0.5097475058154178,-0.3648896763690086,-0.5484642268462742,-0.818624540181307
1.3741713266789723,-0.2984149711521604,-1.4158133833174456,-0.8130179326404472,-0.2050526856206732,-1.6550038374455398,-0.0667141430990315,-0.1382327032752274,-1.1281521496355325,-0.780805960329528,-0.5927489783638191,-0.6919126161531287,1.0672569667868559,1.038230262476527,1.6925525987445438,-0.6605041325807084,-0.5097475058154178,-0.3648896763690086,-0.5484642268462742,1.2215612297409535
-1.8318180683352043,-1.0995570567705137,-0.1407850275661102,0.4555156740740104,-1.4742733750714134,1.889707955993443,-1.430799681861417,-0.1382327032752274,-1.1281521496355325,-0.780805960329528,-0.5927489783638191,-0.6919126161531287,-0.9369814684936247,1.038230262476527,-0.5908235884319065,-0.6605041325807084,1.9617555526835775,-0.3648896763690086,-0.5484642268462742,-0.818624540181307
0.7529384636473124,0.29454170010597147,1.224873386578455,0.35929315017657865,1.140100176845297,-0.5014376476025896,0.7146397852903948,-0.1382327032752274,-1.1281521496355325,-0.780805960329528,-0.5927489783638191,-0.6919126161531287,1.0672569667868559,-0.9631774724179828,-0.5908235884319065,1.5139950693310888,-0.5097475058154178,-0.3648896763690086,1.8232729703268034,-0.818624540181307
-0.3888108872042754,-0.5456351507049235,-0.7044295003130487,-0.14908251774817757,-0.8091459861278969,0.2773003124874701,-1.0782351163642516,-0.1382327032752274,0.8864052604279182,-0.780805960329528,-0.5927489783638191,-0.6919126161531287,-0.9369814684936247,-0.9631774724179828,-0.5908235884319065,1.5139950693310888,-0.5097475058154178,-0.3648896763690086,-0.5484642268462742,-0.818624540181307
1.6843421105168748,1.034343440421759,-0.0004946632039872346,1.0953954579919216,1.7711061462693118,-0.97481985155775,0.7918596844791624,-0.1382327032752274,-1.1281521496355325,1.280727928329292,1.6870547845739468,-0.6919126161531287,-0.9369814684936247,-0.9631774724179828,-0.5908235884319065,-0.6605041325807084,1.9617555526835775,-0.3648896763690086,-0.5484642268462742,-0.818624540181307
-0.13835689220872788,-0.26309780264462257,-0.7615388521772761,-0.048048867655876404,-0.5198347952724087,0.10119567006046451,-0.9587233909445234,-0.1382327032752274,0.8864052604279182,-0.780805960329528,-0.5927489783638191,-0.6919126161531287,-0.9369814684936247,1.038230262476527,-0.5908235884319065,1.5139950693310888,-0.5097475058154178,-0.3648896763690086,-0.5484642268462742,-0.818624540181307
-1.8318180683352043,-0.7277973882701176,-0.26493579248834337,-0.09936754706783932,-1.4963802102530637,1.6102024226001224,-0.8221954248530445,-0.1382327032752274,-1.1281521496355325,-0.780805960329528,-0.5927489783638191,-0.6919126161531287,-0.9369814684936247,-0.9631774724179828,-0.5908235884319065,1.5139950693310888,-0.5097475058154178,-0.3648896763690086,-0.5484642268462742,1.2215612297409535
-0.19807368105108275,-0.6608806479400464,1.108171667551556,0.3833487811509372,0.09531192282564291,0.37262300884704164,0.778823850982087,-0.1382327032752274,-1.1281521496355325,-0.780805960329528,-0.5927489783638191,-0.6919126161531287,1.0672569667868559,-0.9631774724179828,-0.5908235884319065,1.5139950693310888,-0.5097475058154178,-0.3648896763690086,-0.5484642268462742,1.2215612297409535
1.121934740971713,1.3419745661058369,1.0237491474044367,0.9670987594620148,1.9849657474830864,-0.5297113287261909,0.9415229942470801,-0.1382327032752274,0.8864052604279182,1.280727928329292,1.6870547845739468,-0.6919126161531287,1.0672569667868559,1.038230262476527,-0.5908235884319065,-0.6605041325807084,1.9617555526835775,-0.3648896763690086,-0.5484642268462742,-0.818624540181307
-0.44407119926734967,-0.6125518910349946,-0.5380674753172567,-0.15710106140629745,-0.811548902995468,0.32334602174590665,0.23211492553997226,-0.1382327032752274,-1.1281521496355325,-0.780805960329528,1.6870547845739468,-0.6919126161531287,-0.9369814684936247,-0.9631774724179828,-0.5908235884319065,1.5139950693310888,-0.5097475058154178,-0.3648896763690086,-0.5484642268462742,1.2215612297409535
-1.6535589971639963,-0.7277973882701176,-0.1407850275661102,0.04496623877830601,-1.308952694582564,1.5213422819259454,-0.35847798900297795,-0.1382327032752274,0.8864052604279182,-0.780805960329528,-0.5927489783638191,1.4452692098024813,1.0672569667868559,-0.9631774724179828,-0.5908235884319065,1.5139950693310888,-0.5097475058154178,-0.3648896763690086,-0.5484642268462742,1.2215612297409535
0.6620263373499966,1.1691063202531529,0.2180106830591438,0.7554092068876668,1.2722606045616722,-0.21950865582724702,0.3443624078659098,-0.1382327032752274,-1.1281521496355325,1.280727928329292,-0.5927489783638191,1.4452692098024813,-0.9369814684936247,-0.9631774724179828,-0.5908235884319065,-0.6605041325807084,1.9617555526835775,-0.3648896763690086,-0.5484642268462742,-0.818624540181307
0.20033534301656716,-0.5605055374449397,0.7568250028216363,1.0601138658961973,0.42883678404442643,0.35242752233018326,-0.26702813416473686,-0.1382327032752274,-1.1281521496355325,-0.780805960329528,-0.5927489783638191,1.4452692098024813,-0.9369814684936247,1.038230262476527,-0.5908235884319065,-0.6605041325807084,1.9617555526835775,-0.3648896763690086,-0.5484642268462742,-0.818624540181307
0.1637922334264698,0.11145006336952654,1.4719334087736984,-0.10417867326271102,0.6845071387539308,-0.20092880823173698,0.7321535768589827,-0.1382327032752274,-1.1281521496355325,-0.780805960329528,-0.5927489783638191,1.4452692098024813,-0.9369814684936247,-0.9631774724179828,-0.5908235884319065,1.5139950693310888,-0.5097475058154178,-0.3648896763690086,1.8232729703268034,-0.818624540181307
0.12635782848051597,0.5436206780012375,-2.1520274193062883,1.3712333598312216,-0.07289225790429531,0.5761935129369737,0.19469909809799213,-0.1382327032752274,-1.1281521496355325,1.280727928329292,-0.5927489783638191,-0.6919126161531287,1.0672569667868559,-0.9631774724179828,-0.5908235884319065,-0.6605041325807084,-0.5097475058154178,2.7405543778353203,-0.5484642268462742,1.2215612297409535
-0.18470425071324162,0.1607082194458291,-0.5889692889353719,0.4122155383201651,-0.12095059525570544,0.3750464672290636,0.9828197186843707,-0.1382327032752274,-1.1281521496355325,-0.780805960329528,-0.5927489783638191,1.4452692098024813,-0.9369814684936247,1.038230262476527,-0.5908235884319065,1.5139950693310888,-0.5097475058154178,-0.3648896763690086,-0.5484642268462742,1.2215612297409535
-2.0742504051280473,0.10215607165701716,-0.16189065760289004,-1.7399615795190266,-1.6496863064040606,1.0035300076336968,-1.0459938182493531,-0.1382327032752274,0.8864052604279182,-0.780805960329528,-0.5927489783638191,-0.6919126161531287,-0.9369814684936247,-0.9631774724179828,-0.5908235884319065,-0.6605041325807084,-0.5097475058154178,-0.3648896763690086,1.8232729703268034,-0.818624540181307
0.9641754629851943,-0.4480482377235698,1.2807412307934603,1.6262230481594127,1.2712994378146447,-0.05471348584968214,0.7381241876209982,-0.1382327032752274,-1.1281521496355325,-0.780805960329528,-0.5927489783638191,-0.6919126161531287,1.0672569667868559,-0.9631774724179828,-0.5908235884319065,-0.6605041325807084,-0.5097475058154178,2.7405543778353203,-0.5484642268462742,-0.818624540181307
0.22529161298053638,1.0696606089292975,1.1143792057976674,0.07222928721591156,1.1276050091339307,-0.16780821034408894,0.5286552600535334,-0.1382327032752274,0.8864052604279182,-0.780805960329528,-0.5927489783638191,1.4452692098024813,-0.9369814684936247,-0.9631774724179828,-0.5908235884319065,1.5139950693310888,-0.5097475058154178,-0.3648896763690086,-0.5484642268462742,-0.818624540181307
-0.23550808599703657,-0.1943222639720498,-0.6162824572182631,0.7217313235235672,-0.24974693935748493,0.5770013323976485,0.7164309685190032,-0.1382327032752274,-1.1281521496355325,-0.780805960329528,1.6870547845739468,-0.6919126161531287,1.0672569667868559,-0.9631774724179828,-0.5908235884319065,-0.6605041325807084,1.9617555526835775,-0.3648896763690086,-0.5484642268462742,1.2215612297409535
0.11744487492195607,0.2294837581184019,-0.9937007825818519,-2.010988355163456,-0.8053013191397849,-1.1194195350184564,-1.2534725422294803,-0.1382327032752274,-1.1281521496355325,-0.780805960329528,1.6870547845739468,-0.6919126161531287,-0.9369814684936247,1.038230262476527,-0.5908235884319065,-0.6605041325807084,-0.5097475058154178,-0.3648896763690086,-0.5484642268462742,-0.818624540181307
-0.9325010542764595,0.6151844141875633,-0.8385123264290604,-0.16191218760116913,-0.5578008817800224,0.7636076278134188,-0.2091132097731598,-0.1382327032752274,0.8864052604279182,-0.780805960329528,-0.5927489783638191,-0.6919126161531287,-0.9369814684936247,-0.9631774724179828,-0.5908235884319065,1.5139950693310888,-0.5097475058154178,-0.3648896763690086,-0.5484642268462742,1.2215612297409535
-0.3593981404610256,-2.0521912073027786,-0.2761093613313448,-1.193096902035298,-1.7193708955636062,-0.275248198613776,-2.104782126713885,-0.1382327032752274,0.8864052604279182,-0.780805960329528,-0.5927489783638191,1.4452692098024813,1.0672569667868559,-0.9631774724179828,-0.5908235884319065,-0.6605041325807084,-0.5097475058154178,-0.3648896763690086,-0.5484642268462742,-0.818624540181307
0.7342212611743361,-0.16458149049201742,-0.400260126253578,0.28231513105863487,0.24044810162690064,-0.5232487730407969,-0.08621813825495685,-0.1382327032752274,-1.1281521496355325,-0.780805960329528,-0.5927489783638191,-0.6919126161531287,1.0672569667868559,-0.9631774724179828,-0.5908235884319065,1.5139950693310888,-0.5097475058154178,-0.3648896763690086,1.8232729703268034,-0.818624540181307
0.6976781515842375,1.1876943036781729,0.8288324464765313,-0.7905660103977133,1.0742602546738649,-1.0305593943442783,1.3175719620748485,-0.1382327032752274,0.8864052604279182,1.280727928329292,-0.5927489783638191,-0.6919126161531287,-0.9369814684936247,1.038230262476527,1.6925525987445438,-0.6605041325807084,-0.5097475058154178,-0.3648896763690086,-0.5484642268462742,1.2215612297409535
-0.5831132747808921,1.487890235992243,-0.47102606225925003,-0.7296250785960081,0.053981752703426804,0.16097431015036548,-0.5956107464344602,-0.1382327032752274,0.8864052604279182,-0.780805960329528,1.6870547845739468,-0.6919126161531287,1.0672569667868559,1.038230262476527,1.6925525987445438,-0.6605041325807084,-0.5097475058154178,-0.3648896763690086,-0.5484642268462742,-0.818624540181307
-0.9093273750242026,0.5380442829737313,-1.7559864792043638,0.8548391482483456,-0.635655388289307,1.2547618599034152,-0.815428732656091,-0.1382327032752274,-1.1281521496355325,1.280727928329292,1.6870547845739468,-0.6919126161531287,1.0672569667868559,-0.9631774724179828,-0.5908235884319065,-0.6605041325807084,1.9617555526835775,-0.3648896763690086,1.8232729703268034,-0.818624540181307
0.5898314135256572,-1.986203866143958,-0.006702201450098541,-2.3846524896318106,-1.426215037720006,-1.7357857835129737,-0.8744382690207029,-0.1382327032752274,-1.1281521496355325,-0.780805960329528,-0.5927489783638191,-0.6919126161531287,-0.9369814684936247,1.038230262476527,-0.5908235884319065,-0.6605041325807084,-0.5097475058154178,-0.3648896763690086,-0.5484642268462742,1.2215612297409535
-0.0973573058393506,0.2787419141947045,-1.500235903464564,-1.2556415425686276,-0.8653742408290489,-0.5442520790183288,-0.4720191036606866,-0.1382327032752274,0.8864052604279182,-0.780805960329528,1.6870547845739468,-0.6919126161531287,1.0672569667868559,1.038230262476527,-0.5908235884319065,-0.6605041325807084,-0.5097475058154178,-0.3648896763690086,-0.5484642268462742,1.2215612297409535
0.5069409454310448,-1.4871165111821767,-0.2314150859593409,0.6463570131372469,-0.3915190345441443,-0.13387979299576616,-0.7227847556654448,-0.1382327032752274,0.8864052604279182,-0.780805960329528,-0.5927489783638191,1.4452692098024813,1.0672569667868559,-0.9631774724179828,-0.5908235884319065,-0.6605041325807084,1.9617555526835775,-0.3648896763690086,-0.5484642268462742,-0.818624540181307
-1.1259121464972204,0.7229947180526779,-0.15071708875988862,0.8227649736158683,-0.04501842224047819,1.4349055996337916,-0.4396782953664234,-0.1382327032752274,0.8864052604279182,1.280727928329292,-0.5927489783638191,-0.6919126161531287,-0.9369814684936247,1.038230262476527,-0.5908235884319065,-0.6605041325807084,1.9617555526835775,-0.3648896763690086,-0.5484642268462742,-0.818624540181307
1.0916306988726074,-0.05398298911314981,-1.0781233027289705,0.5613604503611832,0.3115744409069858,-0.7066237906138702,-0.504857462851787,-0.1382327032752274,0.8864052604279182,1.280727928329292,1.6870547845739468,-0.6919126161531287,1.0672569667868559,1.038230262476527,-0.5908235884319065,-0.6605041325807084,1.9617555526835775,-0.3648896763690086,-0.5484642268462742,-0.818624540181307
-2.0992066750920166,-0.8207373053952166,-1.382292676788442,-0.5868950014814863,-2.267235941369682,1.606971144757425,-2.0676648298100058,-0.1382327032752274,0.8864052604279182,-0.780805960329528,-0.5927489783638191,-0.6919126161531287,1.0672569667868559,1.038230262476527,1.6925525987445438,-0.6605041325807084,-0.5097475058154178,-0.3648896763690086,-0.5484642268462742,-0.818624540181307
-0.5305268487853855,2.287173523268094,-0.2748678536821218,-0.30624597344731447,0.698444056585838,0.32657729958860393,0.11320026119644437,-0.1382327032752274,-1.1281521496355325,-0.780805960329528,-0.5927489783638191,1.4452692098024813,1.0672569667868559,-0.9631774724179828,-0.5908235884319065,1.5139950693310888,-0.5097475058154178,-0.3648896763690086,-0.5484642268462742,-0.818624540181307
1.3073241749897693,0.7313593105939371,0.3073992338031516,0.20854452940393814,1.2645712705854508,-1.0798363814454133,1.337075957230774,-0.1382327032752274,-1.1281521496355325,-0.780805960329528,-0.5927489783638191,1.4452692098024813,1.0672569667868559,-0.9631774724179828,-0.5908235884319065,1.5139950693310888,-0.5097475058154178,-0.3648896763690086,-0.5484642268462742,1.2215612297409535
0.8607852017058927,-1.6163029959860644,0.028060012728126894,-0.44897605056183626,-0.49532504322319004,-1.0063248105240485,-0.8445852152106129,-0.1382327032752274,0.8864052604279182,-0.780805960329528,-0.5927489783638191,1.4452692098024813,-0.9369814684936247,-0.9631774724179828,1.6925525987445438,-0.6605041325807084,-0.5097475058154178,-0.3648896763690086,-0.5484642268462742,-0.818624540181307
-2.104554447227153,1.9079786613976901,-0.43750535573024757,-0.7023620301584026,-0.5280047126221479,1.5536550603529193,0.6253791543982262,-0.1382327032752274,0.8864052604279182,-0.780805960329528,-0.5927489783638191,1.4452692098024813,-0.9369814684936247,-0.9631774724179828,1.6925525987445438,-0.6605041325807084,-0.5097475058154178,-0.3648896763690086,-0.5484642268462742,1.2215612297409535
-0.8594148350962648,0.48042153435616947,-1.4220209215635569,0.6688089353799808,-0.5650096323827342,1.11581691266743,0.19768440347900126,-0.1382327032752274,0.8864052604279182,-0.780805960329528,-0.5927489783638191,1.4452692098024813,1.0672569667868559,-0.9631774724179828,-0.5908235884319065,-0.6605041325807084,1.9617555526835775,-0.3648896763690086,-0.5484642268462742,1.2215612297409535
-0.9761745267134057,-0.18874586894454365,0.5047989500295028,0.8019167601047592,-0.18823226754767855,1.2886902772517372,0.47700947696207685,-0.1382327032752274,0.8864052604279182,1.280727928329292,-0.5927489783638191,-0.6919126161531287,-0.9369814684936247,-0.9631774724179828,-0.5908235884319065,-0.6605041325807084,1.9617555526835775,-0.3648896763690086,-0.5484642268462742,1.2215612297409535
0.7101562865662221,-0.6645982446250503,-0.1010567827909964,-0.7649066706917325,-0.22908185429637826,-1.02894375542293,-0.7776148644966453,-0.1382327032752274,-1.1281521496355325,1.280727928329292,-0.5927489783638191,-0.6919126161531287,-0.9369814684936247,1.038230262476527,1.6925525987445438,-0.6605041325807084,-0.5097475058154178,-0.3648896763690086,-0.5484642268462742,-0.818624540181307
-0.494875034551144,-0.4489776368948206,-0.7615388521772761,-1.574779580161771,-1.2657001909662946,-0.34472067223176817,-1.4172662974675083,-0.1382327032752274,0.8864052604279182,1.280727928329292,-0.5927489783638191,-0.6919126161531287,1.0672569667868559,1.038230262476527,-0.5908235884319065,-0.6605041325807084,-0.5097475058154178,-0.3648896763690086,-0.5484642268462742,-0.818624540181307
0.520310375768886,-0.34674372805721154,-0.43750535573024757,2.30619555036792,0.6229924669441244,0.6900960568920547,0.9337612002564591,-0.1382327032752274,0.8864052604279182,-0.780805960329528,-0.5927489783638191,1.4452692098024813,-0.9369814684936247,1.038230262476527,-0.5908235884319065,-0.6605041325807084,-0.5097475058154178,2.7405543778353203,-0.5484642268462742,1.2215612297409535
-1.4717347445693643,-0.3244381479471876,0.11124102522602335,-0.2356827892558659,-0.9888841678221726,1.2151787063303725,-0.5456566363922432,-0.1382327032752274,-1.1281521496355325,-0.780805960329528,-0.5927489783638191,-0.6919126161531287,1.0672569667868559,-0.9631774724179828,-0.5908235884319065,1.5139950693310888,-0.5097475058154178,-0.3648896763690086,1.8232729703268034,-0.818624540181307
0.030989225403920267,-0.22778063413708538,1.2261148942276778,-0.5901024189447334,0.19671501463711621,-0.3253330051755845,-0.20373966008734337,-0.1382327032752274,0.8864052604279182,1.280727928329292,-0.5927489783638191,-0.6919126161531287,-0.9369814684936247,-0.9631774724179828,1.6925525987445438,-0.6605041325807084,-0.5097475058154178,-0.3648896763690086,-0.5484642268462742,-0.818624540181307
0.24311752009765744,-0.5716583274999513,-1.2519343736200976,0.1957148595509477,-0.5904805511789816,-0.12176250108565183,-0.6027754793488835,-0.1382327032752274,-1.1281521496355325,-0.780805960329528,-0.5927489783638191,1.4452692098024813,-0.9369814684936247,-0.9631774724179828,-0.5908235884319065,1.5139950693310888,-0.5097475058154178,-0.3648896763690086,1.8232729703268034,-0.818624540181307
-0.8674364932989688,-1.0261345222416856,1.2174243406831207,-0.5355763220695234,-0.6875583926288292,0.5164148728470728,-0.9185212784802691,-0.1382327032752274,0.8864052604279182,1.280727928329292,-0.5927489783638191,-0.6919126161531287,-0.9369814684936247,-0.9631774724179828,1.6925525987445438,-0.6605041325807084,-0.5097475058154178,-0.3648896763690086,-0.5484642268462742,-0.818624540181307
-0.8825885143485216,0.5891612373925355,-1.2097231135465378,0.004873520487710022,-0.6380583051568794,0.8023829619257873,-0.7885609842270103,-0.1382327032752274,0.8864052604279182,-0.780805960329528,-0.5927489783638191,-0.6919126161531287,-0.9369814684936247,1.038230262476527,-0.5908235884319065,1.5139950693310888,-0.5097475058154178,-0.3648896763690086,1.8232729703268034,-0.818624540181307
1.1629343273410904,1.4098207056071597,1.4235146104540273,1.9710204254585368,2.4977482070226333,-0.06117604153507669,2.804353551996705,7.234178138070234,0.8864052604279182,1.280727928329292,-0.5927489783638191,-0.6919126161531287,-0.9369814684936247,-0.9631774724179828,-0.5908235884319065,-0.6605041325807084,-0.5097475058154178,2.7405543778353203,-0.5484642268462742,1.2215612297409535
0.6843087212463976,1.777862777422551,-1.3438059396625495,-0.00474873190203224,0.766686895624841,-0.6226105667037398,1.3196616758415565,-0.1382327032752274,-1.1281521496355325,-0.780805960329528,1.6870547845739468,-0.6919126161531287,-0.9369814684936247,1.038230262476527,-0.5908235884319065,1.5139950693310888,-0.5097475058154178,-0.3648896763690086,-0.5484642268462742,1.2215612297409535
1.2877156771609366,-0.26309780264462257,-0.016634262643876987,-0.00955985809690394,0.5489826274229518,-1.1719277999622875,0.10563748756455836,-0.1382327032752274,0.8864052604279182,-0.780805960329528,-0.5927489783638191,1.4452692098024813,1.0672569667868559,-0.9631774724179828,-0.5908235884319065,1.5139950693310888,-0.5097475058154178,-0.3648896763690086,1.8232729703268034,-0.818624540181307
1.4838006554492658,0.6105374183313086,0.09385991813691062,0.04496623877830601,1.1655710956415457,-1.3221822196477144,0.38834590714611,-0.1382327032752274,0.8864052604279182,1.280727928329292,-0.5927489783638191,-0.6919126161531287,-0.9369814684936247,-0.9631774724179828,-0.5908235884319065,1.5139950693310888,-0.5097475058154178,-0.3648896763690086,-0.5484642268462742,-0.818624540181307
0.9365453069536569,0.6272666034138258,0.34712747857826715,0.17807406350308555,1.017070833225687,-0.7591320555577024,0.4980061248085082,-0.1382327032752274,0.8864052604279182,-0.780805960329528,1.6870547845739468,-0.6919126161531287,1.0672569667868559,1.038230262476527,-0.5908235884319065,1.5139950693310888,-0.5097475058154178,-0.3648896763690086,1.8232729703268034,-0.818624540181307
0.14507503095349353,2.11430527741541,-0.49089018464680784,-2.051081073454052,0.3668415288611091,-1.1646574248162194,-0.48624905931016293,-0.1382327032752274,0.8864052604279182,1.280727928329292,-0.5927489783638191,1.4452692098024813,-0.9369814684936247,1.038230262476527,-0.5908235884319065,-0.6605041325807084,-0.5097475058154178,-0.3648896763690086,-0.5484642268462742,-0.818624540181307
0.44187638445355476,0.8791337788228448,0.7295118345387451,-0.6205728848455871,0.7892743141800025,-0.7130863462992658,0.00513220640391962,-0.1382327032752274,0.8864052604279182,-0.780805960329528,-0.5927489783638191,-0.6919126161531287,1.0672569667868559,-0.9631774724179828,1.6925525987445438,-0.6605041325807084,-0.5097475058154178,-0.3648896763690086,-0.5484642268462742,-0.818624540181307
-0.6374822914881105,0.8419578119728047,2.133656985809201,0.9061578276603074,1.1891196809437345,1.0342271471393212,1.652423715644694,-0.1382327032752274,0.8864052604279182,-0.780805960329528,-0.5927489783638191,-0.6919126161531287,1.0672569667868559,-0.9631774724179828,-0.5908235884319065,-0.6605041325807084,1.9617555526835775,-0.3648896763690086,-0.5484642268462742,1.2215612297409535
0.5479405318004233,0.07985049154699256,-0.6733918090824905,-0.48105022519431234,-0.0680864241691532,-0.7389365690408439,-0.9486728628284599,-0.1382327032752274,0.8864052604279182,-0.780805960329528,-0.5927489783638191,1.4452692098024813,1.0672569667868559,1.038230262476527,1.6925525987445438,-0.6605041325807084,-0.5097475058154178,-0.3648896763690086,-0.5484642268462742,-0.818624540181307
1.1094566059897284,0.5733614514812685,1.1007226216562218,-0.5484059919225139,1.1564400115447753,-1.2817912466139971,0.4793977212668841,-0.1382327032752274,0.8864052604279182,1.280727928329292,-0.5927489783638191,-0.6919126161531287,-0.9369814684936247,-0.9631774724179828,1.6925525987445438,-0.6605041325807084,-0.5097475058154178,-0.3648896763690086,-0.5484642268462742,-0.818624540181307
-1.3861703904071843,-1.0995570567705137,-1.2208966823895393,0.4074044121252934,-1.666506724477054,1.4615636418360445,-1.8457571298216686,-0.1382327032752274,0.8864052604279182,1.280727928329292,-0.5927489783638191,-0.6919126161531287,-0.9369814684936247,-0.9631774724179828,-0.5908235884319065,1.5139950693310888,-0.5097475058154178,-0.3648896763690086,-0.5484642268462742,-0.818624540181307
-1.1767159817810147,2.231409572993035,-0.3394262514416835,0.8837059054175735,0.6527886361019989,1.511648448397853,0.4185970016736682,-0.1382327032752274,-1.1281521496355325,-0.780805960329528,-0.5927489783638191,-0.6919126161531287,-0.9369814684936247,-0.9631774724179828,-0.5908235884319065,-0.6605041325807084,1.9617555526835775,-0.3648896763690086,1.8232729703268034,-0.818624540181307
1.4659747483321446,1.1310009542318626,0.23166726720058942,0.7201276147919425,1.680756472048661,-0.9659338374903323,1.7196925968967625,-0.1382327032752274,0.8864052604279182,-0.780805960329528,-0.5927489783638191,1.4452692098024813,1.0672569667868559,-0.9631774724179828,-0.5908235884319065,-0.6605041325807084,1.9617555526835775,-0.3648896763690086,-0.5484642268462742,1.2215612297409535
0.09070601424627385,-1.008475937987917,-0.7466407603866085,0.03855140385181079,-0.7500342311856643,-0.06279168045642504,-0.7160180634684927,-0.1382327032752274,0.8864052604279182,-0.780805960329528,-0.5927489783638191,-0.6919126161531287,-0.9369814684936247,-0.9631774724179828,-0.5908235884319065,1.5139950693310888,-0.5097475058154178,-0.3648896763690086,1.8232729703268034,-0.818624540181307
1.1032175384987368,1.3949503188671442,0.09261841048768767,0.6190939646996414,1.5375426267414607,-0.6880439430183612,1.1754714259388197,-0.1382327032752274,-1.1281521496355325,-0.780805960329528,-0.5927489783638191,1.4452692098024813,-0.9369814684936247,-0.9631774724179828,-0.5908235884319065,-0.6605041325807084,1.9617555526835775,-0.3648896763690086,1.8232729703268034,-0.818624540181307
-1.354083757596367,-0.49730639379987235,-0.900587708890177,-0.3447349830062869,-1.4391907888048858,1.0536148141955055,-0.26971490900764367,-0.1382327032752274,0.8864052604279182,-0.780805960329528,-0.5927489783638191,1.4452692098024813,-0.9369814684936247,1.038230262476527,-0.5908235884319065,1.5139950693310888,-0.5097475058154178,-0.3648896763690086,-0.5484642268462742,1.2215612297409535
-1.2970408548215802,-0.3560377197697216,-0.7615388521772761,-1.443275464168616,-1.6107590531494196,0.44855803815042894,-1.3348718689516608,-0.1382327032752274,0.8864052604279182,-0.780805960329528,-0.5927489783638191,-0.6919126161531287,1.0672569667868559,-0.9631774724179828,-0.5908235884319065,-0.6605041325807084,-0.5097475058154178,-0.3648896763690086,1.8232729703268034,-0.818624540181307
0.6548959745031484,2.1105876807304065,-1.3661530773485515,1.8699867753662356,1.4760279549316542,0.34838842502681067,0.7615090797722368,-0.1382327032752274,0.8864052604279182,-0.780805960329528,-0.5927489783638191,1.4452692098024813,-0.9369814684936247,-0.9631774724179828,-0.5908235884319065,-0.6605041325807084,-0.5097475058154178,2.7405543778353203,1.8232729703268034,-0.818624540181307
-0.4030716128979718,-0.2881915802683996,1.80217444346684,0.5180603146073403,0.48650678886612075,0.6262783194987829,0.721605497846082,-0.1382327032752274,0.8864052604279182,-0.780805960329528,-0.5927489783638191,-0.6919126161531287,1.0672569667868559,-0.9631774724179828,-0.5908235884319065,-0.6605041325807084,1.9617555526835775,-0.3648896763690086,-0.5484642268462742,1.2215612297409535
-0.40574549896553996,0.015721948730674448,0.9765718567339886,-0.2821903424729571,0.08281675511427397,0.22559986700431206,0.5852765521133393,-0.1382327032752274,0.8864052604279182,1.280727928329292,-0.5927489783638191,-0.6919126161531287,-0.9369814684936247,-0.9631774724179828,-0.5908235884319065,1.5139950693310888,-0.5097475058154178,-0.3648896763690086,-0.5484642268462742,1.2215612297409535
-0.4494189714024861,-0.29190917695340346,0.17083339238869577,0.011288355414206383,-0.32375677887865617,0.4130139818807584,-1.0542531631368113,-0.1382327032752274,0.8864052604279182,1.280727928329292,-0.5927489783638191,1.4452692098024813,-0.9369814684936247,1.038230262476527,-0.5908235884319065,1.5139950693310888,-0.5097475058154178,-0.3648896763690086,-0.5484642268462742,-0.818624540181307
-1.0653040622990095,-1.4713167252709096,-1.0719157644828592,0.08345524833727848,-1.7251378960457755,1.0075691049370683,-1.9727321186939184,-0.1382327032752274,0.8864052604279182,1.280727928329292,-0.5927489783638191,-0.6919126161531287,-0.9369814684936247,1.038230262476527,-0.5908235884319065,1.5139950693310888,-0.5097475058154178,-0.3648896763690086,-0.5484642268462742,-0.818624540181307
-1.8327093636910603,0.19974298463837087,2.1286909552123126,0.07222928721591156,-0.03925142175830876,1.6974469243529504,0.5459700312633863,-0.1382327032752274,-1.1281521496355325,-0.780805960329528,-0.5927489783638191,1.4452692098024813,1.0672569667868559,-0.9631774724179828,-0.5908235884319065,1.5139950693310888,-0.5097475058154178,-0.3648896763690086,-0.5484642268462742,1.2215612297409535
-0.494875034551144,-0.3560377197697216,-0.016634262643876987,-1.1321559702335915,-0.7966508184165321,-0.12176250108565183,-0.09338287116937875,-0.1382327032752274,0.8864052604279182,-0.780805960329528,-0.5927489783638191,-0.6919126161531287,-0.9369814684936247,1.038230262476527,1.6925525987445438,-0.6605041325807084,-0.5097475058154178,-0.3648896763690086,-0.5484642268462742,1.2215612297409535
-0.40574549896553996,0.015721948730674448,-0.26493579248834337,0.6832423139645936,-0.10845542754433925,0.7119071823302614,0.04871766496665005,-0.1382327032752274,0.8864052604279182,-0.780805960329528,-0.5927489783638191,1.4452692098024813,-0.9369814684936247,-0.9631774724179828,-0.5908235884319065,-0.6605041325807084,1.9617555526835775,-0.3648896763690086,1.8232729703268034,-0.818624540181307
-0.3763327522222908,0.9637091034066846,-0.3443922820385727,-0.7296250785960081,-0.056552423204817064,-0.0264398047260803,-0.5655586722656383,-0.1382327032752274,-1.1281521496355325,1.280727928329292,-0.5927489783638191,1.4452692098024813,1.0672569667868559,-0.9631774724179828,1.6925525987445438,-0.6605041325807084,-0.5097475058154178,-0.3648896763690086,-0.5484642268462742,-0.818624540181307
0.06753233499401762,0.06498010480697702,-0.25500373129456494,-0.9589554272182171,-0.3160674449024307,-0.5442520790183294,-0.08014801731357399,-0.1382327032752274,0.8864052604279182,-0.780805960329528,1.6870547845739468,-0.6919126161531287,1.0672569667868559,1.038230262476527,1.6925525987445438,-0.6605041325807084,-0.5097475058154178,-0.3648896763690086,-0.5484642268462742,1.2215612297409535
-2.6045711418623916,-1.3467772363232766,0.5110064882756141,-0.33030160442167183,-2.0019539191898974,2.194255892667667,-0.8003031853923118,-0.1382327032752274,-1.1281521496355325,-0.780805960329528,-0.5927489783638191,1.4452692098024813,1.0672569667868559,-0.9631774724179828,-0.5908235884319065,1.5139950693310888,-0.5097475058154178,-0.3648896763690086,-0.5484642268462742,1.2215612297409535
-0.049227356623123865,0.29454170010597147,-0.1407850275661102,1.5652821163577053,0.5403321266996977,0.8330801014314116,1.0736725124464128,-0.1382327032752274,-1.1281521496355325,1.280727928329292,1.6870547845739468,-0.6919126161531287,-0.9369814684936247,1.038230262476527,-0.5908235884319065,-0.6605041325807084,-0.5097475058154178,2.7405543778353203,-0.5484642268462742,1.2215612297409535
0.8010684128635391,1.0854603948405646,0.5730818707367307,0.4410822954893953,1.3472316108298747,-0.5038611059846126,1.898910429936672,-0.1382327032752274,0.8864052604279182,-0.780805960329528,1.6870547845739468,-0.6919126161531287,-0.9369814684936247,1.038230262476527,-0.5908235884319065,1.5139950693310888,-0.5097475058154178,-0.3648896763690086,-0.5484642268462742,1.2215612297409535
0.4721804265526592,-0.5028827888273779,-0.5579315977048136,0.7169201973286955,-0.006571752359349535,-0.06683077775979648,0.32167408697024324,-0.1382327032752274,0.8864052604279182,-0.780805960329528,-0.5927489783638191,-0.6919126161531287,1.0672569667868559,-0.9631774724179828,-0.5908235884319065,-0.6605041325807084,1.9617555526835775,-0.3648896763690086,-0.5484642268462742,1.2215612297409535
-0.763154936663812,-0.028889211489373446,0.28008606552026044,-1.4994052697754505,-0.7673352326321726,-0.06359949991709979,-0.7226852454860774,-0.1382327032752274,-1.1281521496355325,1.280727928329292,-0.5927489783638191,1.4452692098024813,-0.9369814684936247,-0.9631774724179828,-0.5908235884319065,-0.6605041325807084,-0.5097475058154178,-0.3648896763690086,1.8232729703268034,-0.818624540181307
-0.00020611205104190185,-0.3932136866197611,0.07523730339857494,0.43306375183127654,-0.044537838866964524,0.2183294918582439,-0.03934884377311496,-0.1382327032752274,0.8864052604279182,-0.780805960329528,-0.5927489783638191,1.4452692098024813,1.0672569667868559,-0.9631774724179828,-0.5908235884319065,1.5139950693310888,-0.5097475058154178,-0.3648896763690086,1.8232729703268034,-0.818624540181307
-1.2293024077765213,0.3698230329773019,-1.7274318032722507,-1.0583853685788949,-1.4574529569984214,0.58104042970102,-1.7510234390643176,-0.1382327032752274,0.8864052604279182,-0.780805960329528,-0.5927489783638191,1.4452692098024813,-0.9369814684936247,1.038230262476527,1.6925525987445438,-0.6605041325807084,-0.5097475058154178,-0.3648896763690086,-0.5484642268462742,-0.818624540181307
-0.40574549896553996,-0.4489776368948206,0.23166726720058942,0.04175882131505897,-0.34874711430138855,0.38877939806052797,-0.5483434112351528,-0.1382327032752274,0.8864052604279182,1.280727928329292,-0.5927489783638191,-0.6919126161531287,-0.9369814684936247,-0.9631774724179828,-0.5908235884319065,1.5139950693310888,-0.5097475058154178,-0.3648896763690086,-0.5484642268462742,-0.818624540181307
-0.8585235397404083,-0.07628856922317309,-1.4394020286526694,2.3639290647063778,-0.3511500311689596,1.968874263139527,0.09230312352938048,-0.1382327032752274,0.8864052604279182,-0.780805960329528,1.6870547845739468,-0.6919126161531287,1.0672569667868559,1.038230262476527,-0.5908235884319065,-0.6605041325807084,-0.5097475058154178,2.7405543778353203,-0.5484642268462742,1.2215612297409535
0.6103312067103465,0.821511030205283,0.720821280994188,0.48919355743811005,1.179508013473453,-0.30675315758007504,0.2065408094426612,-0.1382327032752274,0.8864052604279182,-0.780805960329528,1.6870547845739468,-0.6919126161531287,-0.9369814684936247,-0.9631774724179828,-0.5908235884319065,-0.6605041325807084,1.9617555526835775,-0.3648896763690086,-0.5484642268462742,-0.818624540181307
0.6789609491112611,1.8828848837739138,-0.048913461523658254,-0.5965172538712298,1.1420225103393544,-0.9158490309285238,0.46954621350955544,-0.1382327032752274,0.8864052604279182,1.280727928329292,1.6870547845739468,-0.6919126161531287,1.0672569667868559,1.038230262476527,1.6925525987445438,-0.6605041325807084,-0.5097475058154178,-0.3648896763690086,-0.5484642268462742,-0.818624540181307
-0.0010974074068971316,0.5770790481662731,-0.8111991581461693,1.7224455720568421,0.4999631233245143,0.8686241577010823,-0.2348863462292029,-0.1382327032752274,-1.1281521496355325,1.280727928329292,1.6870547845739468,-0.6919126161531287,-0.9369814684936247,-0.9631774724179828,-0.5908235884319065,-0.6605041325807084,-0.5097475058154178,2.7405543778353203,-0.5484642268462742,-0.818624540181307
-0.8513931768935601,-0.5419175540199196,-0.7615388521772761,-0.21643828447637908,-1.0989377603569015,0.6626301952291276,-1.279146168506159,-0.1382327032752274,0.8864052604279182,1.280727928329292,-0.5927489783638191,-0.6919126161531287,1.0672569667868559,1.038230262476527,-0.5908235884319065,1.5139950693310888,-0.5097475058154178,-0.3648896763690086,-0.5484642268462742,-0.818624540181307
-0.7078946246007377,-0.46013042694983225,-1.095504409818083,0.6639978091851091,-0.8447091557679408,0.9760641459707698,-1.689327127856796,-0.1382327032752274,0.8864052604279182,-0.780805960329528,1.6870547845739468,-0.6919126161531287,1.0672569667868559,1.038230262476527,-0.5908235884319065,-0.6605041325807084,1.9617555526835775,-0.3648896763690086,-0.5484642268462742,-0.818624540181307
0.9338714208860887,-0.10788814104570707,-0.16685668819977836,-1.414408706999387,-0.04069317187884975,-1.558873321625294,-0.11288686632530129,-0.1382327032752274,-1.1281521496355325,1.280727928329292,-0.5927489783638191,1.4452692098024813,-0.9369814684936247,-0.9631774724179828,-0.5908235884319065,-0.6605041325807084,-0.5097475058154178,-0.3648896763690086,1.8232729703268034,-0.818624540181307
0.2912474693138829,-0.3523201230847177,0.43403301402382893,-0.984614766924198,-0.15218851453412366,-0.7599398750183759,0.08663104330546738,-0.1382327032752274,-1.1281521496355325,1.280727928329292,-0.5927489783638191,-0.6919126161531287,1.0672569667868559,1.038230262476527,1.6925525987445438,-0.6605041325807084,-0.5097475058154178,-0.3648896763690086,-0.5484642268462742,1.2215612297409535
-0.5492440512583624,-0.28447398358339504,-0.6237315031135974,-1.061592786042143,-1.0028210856540825,-0.036941457714846866,0.1402670299842614,-0.1382327032752274,0.8864052604279182,1.280727928329292,-0.5927489783638191,-0.6919126161531287,-0.9369814684936247,1.038230262476527,1.6925525987445438,-0.6605041325807084,-0.5097475058154178,-0.3648896763690086,-0.5484642268462742,1.2215612297409535
-0.8353498604881514,-0.8978774366090486,-0.9812857060896293,0.017703190340701603,-1.2892487762684859,0.7660310861954426,-0.2397623450181878,-0.1382327032752274,-1.1281521496355325,1.280727928329292,-0.5927489783638191,1.4452692098024813,1.0672569667868559,-0.9631774724179828,-0.5908235884319065,1.5139950693310888,-0.5097475058154178,-0.3648896763690086,-0.5484642268462742,1.2215612297409535
-1.5269950566324384,-0.32072055126218374,0.5221800571186155,-1.5908166674780095,-1.2637778574722371,0.5826560686223683,-0.26095801322335116,-0.1382327032752274,0.8864052604279182,-0.780805960329528,1.6870547845739468,-0.6919126161531287,-0.9369814684936247,1.038230262476527,-0.5908235884319065,-0.6605041325807084,-0.5097475058154178,-0.3648896763690086,-0.5484642268462742,1.2215612297409535
0.9837839608140271,-2.3174184957985315,-0.8670670023611745,0.4507045478791387,-0.8684379598351999,-0.664617178658805,-0.6563617109379952,-0.1382327032752274,0.8864052604279182,-0.780805960329528,1.6870547845739468,-0.6919126161531287,-0.9369814684936247,-0.9631774724179828,-0.5908235884319065,-0.6605041325807084,1.9617555526835775,-0.3648896763690086,-0.5484642268462742,1.2215612297409535
-0.07240103587538137,0.588231838221284,0.4228594451808293,1.7144270283987235,0.9425804103310007,0.9292106172516585,1.054566558007957,-0.1382327032752274,0.8864052604279182,-0.780805960329528,-0.5927489783638191,-0.6919126161531287,1.0672569667868559,1.038230262476527,-0.5908235884319065,-0.6605041325807084,-0.5097475058154178,2.7405543778353203,-0.5484642268462742,1.2215612297409535
-0.5100270556006968,0.3558820454085365,0.43403301402382893,0.4009895771987993,0.19719559801062989,0.6642458341504764,0.2664459374215758,-0.1382327032752274,-1.1281521496355325,-0.780805960329528,-0.5927489783638191,1.4452692098024813,1.0672569667868559,-0.9631774724179828,-0.5908235884319065,1.5139950693310888,-0.5097475058154178,-0.3648896763690086,1.8232729703268034,-0.818624540181307
-0.5670699583754835,-1.1069922501405214,-0.5790372277415935,0.7361647021081823,-0.8817140755285271,0.8847805469145703,0.02125285546136891,-0.1382327032752274,-1.1281521496355325,-0.780805960329528,-0.5927489783638191,1.4452692098024813,1.0672569667868559,-0.9631774724179828,-0.5908235884319065,-0.6605041325807084,1.9617555526835775,-0.3648896763690086,-0.5484642268462742,1.2215612297409535
1.6388860473682163,-0.9610765802541159,-1.1041949633626396,-2.2242816164694266,-0.7072623109429086,-2.605807342659232,-0.5668523045974065,-0.1382327032752274,0.8864052604279182,-0.780805960329528,-0.5927489783638191,-0.6919126161531287,-0.9369814684936247,1.038230262476527,-0.5908235884319065,-0.6605041325807084,-0.5097475058154178,-0.3648896763690086,-0.5484642268462742,1.2215612297409535
0.9383278976653686,-2.3174184957985315,1.250945047212123,0.8099353037628779,0.03457819899779485,-0.44246682697336276,0.16608992152998966,-0.1382327032752274,0.8864052604279182,-0.780805960329528,-0.5927489783638191,-0.6919126161531287,-0.9369814684936247,-0.9631774724179828,-0.5908235884319065,-0.6605041325807084,1.9617555526835775,-0.3648896763690086,-0.5484642268462742,1.2215612297409535
1.5381696721564841,0.5278208920899705,0.7369608804340777,-0.5788764578233665,1.2141100163664695,-1.6857009769511646,1.4603690694664466,-0.1382327032752274,-1.1281521496355325,-0.780805960329528,-0.5927489783638191,-0.6919126161531287,1.0672569667868559,-0.9631774724179828,1.6925525987445438,-0.6605041325807084,-0.5097475058154178,-0.3648896763690086,-0.5484642268462742,1.2215612297409535
0.6638089280617083,-0.7435971741813846,-0.8894141400471764,-0.3527535266644057,-0.47658229165614074,-0.7793275420745607,-0.09169119812014072,-0.1382327032752274,0.8864052604279182,-0.780805960329528,-0.5927489783638191,1.4452692098024813,1.0672569667868559,1.038230262476527,1.6925525987445438,-0.6605041325807084,-0.5097475058154178,-0.3648896763690086,-0.5484642268462742,1.2215612297409535
0.26896508541748193,-1.636749777753586,0.06033921160790816,-0.27737921627808537,-0.7610876487764882,-0.383496006344136,-1.4685140398414966,-0.1382327032752274,0.8864052604279182,1.280727928329292,-0.5927489783638191,-0.6919126161531287,-0.9369814684936247,-0.9631774724179828,-0.5908235884319065,1.5139950693310888,-0.5097475058154178,-0.3648896763690086,-0.5484642268462742,-0.818624540181307
-1.0554998133845932,-0.22963943247958699,0.6972326356589639,0.17486664603983737,-0.3655675323743832,1.0447288001280879,-0.7987110225224413,-0.1382327032752274,0.8864052604279182,1.280727928329292,-0.5927489783638191,-0.6919126161531287,-0.9369814684936247,1.038230262476527,-0.5908235884319065,1.5139950693310888,-0.5097475058154178,-0.3648896763690086,-0.5484642268462742,-0.818624540181307
2.003425847913337,-0.909030226664061,1.2472205242644578,0.09147379199539836,1.1203962585312177,-1.7697142008612954,0.60229279278509,-0.1382327032752274,-1.1281521496355325,-0.780805960329528,-0.5927489783638191,1.4452692098024813,1.0672569667868559,-0.9631774724179828,-0.5908235884319065,1.5139950693310888,-0.5097475058154178,-0.3648896763690086,1.8232729703268034,-0.818624540181307
-1.5653207569342482,-1.7306190940499357,0.20559560656692122,-0.7456621659122468,-1.8827692425583995,1.0431131612067388,-1.967358569008102,-0.1382327032752274,-1.1281521496355325,1.280727928329292,1.6870547845739468,-0.6919126161531287,-0.9369814684936247,-0.9631774724179828,1.6925525987445438,-0.6605041325807084,-0.5097475058154178,-0.3648896763690086,-0.5484642268462742,-0.818624540181307
1.2948460400077848,-1.2780016976507038,-0.7714709133710546,-1.0856484170165004,-0.5866358841908695,-1.7204372137601611,-0.8460778679011175,-0.1382327032752274,-1.1281521496355325,1.280727928329292,-0.5927489783638191,-0.6919126161531287,-0.9369814684936247,-0.9631774724179828,1.6925525987445438,-0.6605041325807084,-0.5097475058154178,-0.3648896763690086,1.8232729703268034,-0.818624540181307
1.3768452127465405,0.6663013686063675,-0.016634262643876987,-0.5997246713344768,0.9007696568352737,-1.5499873075578763,0.46347609256816974,-0.1382327032752274,0.8864052604279182,-0.780805960329528,-0.5927489783638191,-0.6919126161531287,-0.9369814684936247,1.038230262476527,1.6925525987445438,-0.6605041325807084,-0.5097475058154178,-0.3648896763690086,1.8232729703268034,-0.818624540181307
0.4855498568905003,1.1310009542318626,0.7282703268895222,-0.14587510028493053,1.0848330888911764,-0.5135549395127045,1.6675492629084745,-0.1382327032752274,0.8864052604279182,1.280727928329292,-0.5927489783638191,-0.6919126161531287,-0.9369814684936247,-0.9631774724179828,-0.5908235884319065,1.5139950693310888,-0.5097475058154178,-0.3648896763690086,-0.5484642268462742,1.2215612297409535
-0.22748642779433192,0.43395157579362,-0.41391671039502353,-0.8980144954165108,-0.3276014458667682,-0.24616669802949936,-0.8811054510382903,-0.1382327032752274,0.8864052604279182,1.280727928329292,-0.5927489783638191,-0.6919126161531287,1.0672569667868559,-0.9631774724179828,1.6925525987445438,-0.6605041325807084,-0.5097475058154178,-0.3648896763690086,-0.5484642268462742,-0.818624540181307
-1.2961495594657244,-0.422025060928542,1.0994811140069989,1.8154606784910245,0.052540002582885804,2.089239362780003,0.42745340763732814,-0.1382327032752274,-1.1281521496355325,-0.780805960329528,1.6870547845739468,-0.6919126161531287,1.0672569667868559,-0.9631774724179828,-0.5908235884319065,-0.6605041325807084,-0.5097475058154178,2.7405543778353203,-0.5484642268462742,1.2215612297409535
-0.5911349329835962,-0.3932136866197611,0.26394646608037065,-0.7713215056182277,-0.6510340562417579,0.14724137931890163,-1.0504717763208682,-0.1382327032752274,-1.1281521496355325,-0.780805960329528,-0.5927489783638191,-0.6919126161531287,1.0672569667868559,1.038230262476527,1.6925525987445438,-0.6605041325807084,-0.5097475058154178,-0.3648896763690086,-0.5484642268462742,-0.818624540181307
-0.47526653672231123,0.8094288409790206,0.8027607858428614,-0.5724616228968713,0.30148219006319066,0.14239446255485602,1.0273007688614053,-0.1382327032752274,0.8864052604279182,-0.780805960329528,-0.5927489783638191,1.4452692098024813,1.0672569667868559,-0.9631774724179828,1.6925525987445438,-0.6605041325807084,-0.5097475058154178,-0.3648896763690086,-0.5484642268462742,1.2215612297409535
-0.4877446717042958,0.16907281198708835,0.09013539518924349,-1.1449856400865819,-0.4837910422588498,-0.1346876124564409,0.5508460300523683,-0.1382327032752274,0.8864052604279182,-0.780805960329528,1.6870547845739468,-0.6919126161531287,-0.9369814684936247,1.038230262476527,1.6925525987445438,-0.6605041325807084,-0.5097475058154178,-0.3648896763690086,-0.5484642268462742,1.2215612297409535
1.1647169180528034,-0.22313363828082938,0.40175381514404945,1.1900142731577286,1.0247601672019138,-0.45619975780482663,1.3275229800115447,-0.1382327032752274,-1.1281521496355325,-0.780805960329528,1.6870547845739468,-0.6919126161531287,-0.9369814684936247,1.038230262476527,-0.5908235884319065,-0.6605041325807084,1.9617555526835775,-0.3648896763690086,-0.5484642268462742,1.2215612297409535
1.2716723607555271,0.029662936299439828,0.6674364520776286,0.3769339462244408,1.0723379211798103,-0.9627025596476345,0.11290173065834488,-0.1382327032752274,-1.1281521496355325,1.280727928329292,1.6870547845739468,-0.6919126161531287,-0.9369814684936247,1.038230262476527,-0.5908235884319065,1.5139950693310888,-0.5097475058154178,-0.3648896763690086,-0.5484642268462742,-0.818624540181307
-1.376366141492768,-0.03632440485938121,-0.2152754865194494,-0.995840728045565,-1.1426708473466844,0.7458355996785841,-0.15219338717525432,-0.1382327032752274,-1.1281521496355325,-0.780805960329528,1.6870547845739468,-0.6919126161531287,-0.9369814684936247,-0.9631774724179828,1.6925525987445438,-0.6605041325807084,-0.5097475058154178,-0.3648896763690086,-0.5484642268462742,1.2215612297409535
0.6816348351788294,0.5919494349062886,0.28132757316948337,0.12515167535949798,0.820031650084907,-0.554753732007096,0.34207367374046993,-0.1382327032752274,-1.1281521496355325,-0.780805960329528,-0.5927489783638191,-0.6919126161531287,-0.9369814684936247,1.038230262476527,-0.5908235884319065,1.5139950693310888,-0.5097475058154178,-0.3648896763690086,1.8232729703268034,-0.818624540181307
-1.4752999259927884,-2.1218961451466027,-1.1339911469439758,-1.7239244922027879,-2.8482612399482305,0.4687535246672873,-2.6086021648488384,-0.1382327032752274,0.8864052604279182,1.280727928329292,-0.5927489783638191,-0.6919126161531287,-0.9369814684936247,-0.9631774724179828,-0.5908235884319065,-0.6605041325807084,-0.5097475058154178,-0.3648896763690086,-0.5484642268462742,-0.818624540181307
-0.8513931768935601,-0.5419175540199196,-0.6373880872550429,-1.3246010180284526,-1.3829625341037353,0.10442694790316179,-1.663653501580119,-0.1382327032752274,0.8864052604279182,1.280727928329292,-0.5927489783638191,-0.6919126161531287,-0.9369814684936247,1.038230262476527,-0.5908235884319065,-0.6605041325807084,-0.5097475058154178,-0.3648896763690086,-0.5484642268462742,-0.818624540181307
0.8420679992329164,-0.5419175540199196,0.23166726720058942,-0.14266768282168235,0.22074418331282128,-0.8350670848610897,-0.4747058785035962,-0.1382327032752274,-1.1281521496355325,1.280727928329292,-0.5927489783638191,-0.6919126161531287,1.0672569667868559,-0.9631774724179828,-0.5908235884319065,1.5139950693310888,-0.5097475058154178,-0.3648896763690086,-0.5484642268462742,-0.818624540181307
0.3964203213048963,-0.3560377197697216,1.4110995339618047,-1.2380007465207656,0.2048849319868567,-0.9828980461644934,0.4724320087111971,-0.1382327032752274,0.8864052604279182,-0.780805960329528,-0.5927489783638191,1.4452692098024813,1.0672569667868559,-0.9631774724179828,-0.5908235884319065,-0.6605041325807084,-0.5097475058154178,-0.3648896763690086,-0.5484642268462742,1.2215612297409535
0.1825094358994461,0.14583783270581357,1.510420145899591,0.2406187040364154,0.8306044843022158,-0.044211832860915005,0.30605098880962833,-0.1382327032752274,0.8864052604279182,1.280727928329292,-0.5927489783638191,-0.6919126161531287,1.0672569667868559,-0.9631774724179828,-0.5908235884319065,1.5139950693310888,-0.5097475058154178,-0.3648896763690086,-0.5484642268462742,-0.818624540181307
0.5577447807148398,-0.2556626092746148,-0.20782644062411687,-0.003145023170408719,0.08714200547589969,-0.5070923838273099,-0.49729468921989817,-0.1382327032752274,-1.1281521496355325,-0.780805960329528,-0.5927489783638191,1.4452692098024813,-0.9369814684936247,-0.9631774724179828,-0.5908235884319065,1.5139950693310888,-0.5097475058154178,-0.3648896763690086,-0.5484642268462742,-0.818624540181307
1.5551042839177487,2.153340042607952,1.9697779761118541,0.9350245848295375,2.994671415236213,-0.9384679758274046,3.255731725605268,-0.1382327032752274,-1.1281521496355325,1.280727928329292,-0.5927489783638191,-0.6919126161531287,-0.9369814684936247,-0.9631774724179828,-0.5908235884319065,-0.6605041325807084,1.9617555526835775,-0.3648896763690086,-0.5484642268462742,1.2215612297409535
-0.24085585813217303,0.9748618934616956,-2.6397847369945113,0.6912608576227146,-0.44047846572089394,0.5664996794088826,-0.7084926061538656,-0.1382327032752274,0.8864052604279182,-0.780805960329528,1.6870547845739468,-0.6919126161531287,-0.9369814684936247,1.038230262476527,-0.5908235884319065,-0.6605041325807084,1.9617555526835775,-0.3648896763690086,1.8232729703268034,-0.818624540181307
1.2672158839762473,1.3298923768795745,0.13731268585969153,0.45391196534238576,1.5601300452966194,-0.9198881282318946,0.7145402751110275,-0.1382327032752274,0.8864052604279182,1.280727928329292,-0.5927489783638191,-0.6919126161531287,1.0672569667868559,-0.9631774724179828,-0.5908235884319065,-0.6605041325807084,1.9617555526835775,-0.3648896763690086,-0.5484642268462742,-0.818624540181307
0.6219180463364745,0.4116459956835967,0.4377575369714961,0.9767210118517582,1.0103426659964903,-0.07167769452384268,0.7875807467663822,-0.1382327032752274,0.8864052604279182,-0.780805960329528,-0.5927489783638191,-0.6919126161531287,1.0672569667868559,1.038230262476527,-0.5908235884319065,-0.6605041325807084,1.9617555526835775,-0.3648896763690086,1.8232729703268034,-0.818624540181307
-0.22748642779433192,-0.17015788551952357,1.1007226216562218,-0.5339726133378999,0.05542350282397052,-0.06279168045642561,0.5924412850277584,-0.1382327032752274,0.8864052604279182,1.280727928329292,-0.5927489783638191,-0.6919126161531287,-0.9369814684936247,-0.9631774724179828,1.6925525987445438,-0.6605041325807084,-0.5097475058154178,-0.3648896763690086,-0.5484642268462742,1.2215612297409535
-2.1874449153217648,0.5101623078362005,-1.0023913361264083,0.5597567416295586,-1.1359426801174877,2.264536185746334,0.08384475828319031,-0.1382327032752274,-1.1281521496355325,-0.780805960329528,-0.5927489783638191,-0.6919126161531287,1.0672569667868559,1.038230262476527,-0.5908235884319065,-0.6605041325807084,1.9617555526835775,-0.3648896763690086,-0.5484642268462742,1.2215612297409535
-1.190085412118855,-0.3560377197697216,-1.0098403820217425,-0.602932088797725,-1.3973800353091588,0.7749171002628596,-0.8317484020722737,-0.1382327032752274,0.8864052604279182,-0.780805960329528,-0.5927489783638191,-0.6919126161531287,-0.9369814684936247,1.038230262476527,1.6925525987445438,-0.6605041325807084,-0.5097475058154178,-0.3648896763690086,-0.5484642268462742,1.2215612297409535
0.8866327670257185,-1.2993778785894765,-1.8677221676343736,0.46032680026887984,-0.7788692335965101,-0.571717940681257,-1.0284800266807697,-0.1382327032752274,0.8864052604279182,-0.780805960329528,1.6870547845739468,-0.6919126161531287,1.0672569667868559,1.038230262476527,-0.5908235884319065,-0.6605041325807084,1.9617555526835775,-0.3648896763690086,1.8232729703268034,-0.818624540181307
0.14150984953006882,-0.015877623091859534,0.7841381711045274,0.34967089778683524,0.47641453802232286,0.047879585655958096,0.3308290234720027,-0.1382327032752274,0.8864052604279182,-0.780805960329528,1.6870547845739468,-0.6919126161531287,1.0672569667868559,-0.9631774724179828,-0.5908235884319065,1.5139950693310888,-0.5097475058154178,-0.3648896763690086,1.8232729703268034,-0.818624540181307
-0.5768742072898999,-1.5642566423960087,-1.5064434417106753,0.5597567416295586,-1.5353074635077062,0.8048064203078104,-1.3726857371111079,-0.1382327032752274,0.8864052604279182,-0.780805960329528,-0.5927489783638191,1.4452692098024813,-0.9369814684936247,-0.9631774724179828,-0.5908235884319065,-0.6605041325807084,1.9617555526835775,-0.3648896763690086,1.8232729703268034,-0.818624540181307
-1.3023886269567166,-0.5577173399311866,0.5321121183123939,-0.6269877197720823,-0.9725443331226931,0.8645850603977113,-1.4507017177348092,-0.1382327032752274,-1.1281521496355325,-0.780805960329528,1.6870547845739468,-0.6919126161531287,1.0672569667868559,1.038230262476527,1.6925525987445438,-0.6605041325807084,-0.5097475058154178,-0.3648896763690086,-0.5484642268462742,-0.818624540181307
-1.6633632460784127,2.3342243563126774,-1.9422126265877135,-1.0984780868694908,-0.7708795350118373,0.9542530205325626,-0.2021972523071551,-0.1382327032752274,-1.1281521496355325,-0.780805960329528,-0.5927489783638191,-0.6919126161531287,-0.9369814684936247,-0.9631774724179828,1.6925525987445438,-0.6605041325807084,-0.5097475058154178,-0.3648896763690086,-0.5484642268462742,1.2215612297409535
-0.09379212441592588,0.3317176669560116,0.7195797733449667,0.3320301017389731,0.49900195657748697,0.252257909206565,0.03866713685058646,-0.1382327032752274,-1.1281521496355325,-0.780805960329528,-0.5927489783638191,-0.6919126161531287,-0.9369814684936247,-0.9631774724179828,-0.5908235884319065,1.5139950693310888,-0.5097475058154178,-0.3648896763690086,-0.5484642268462742,-0.818624540181307
-0.007336474897890072,-1.4146233758245994,-0.3928110803582437,-0.293416303594324,-0.9754278333637764,-0.14115016814183604,-0.17796652363130025,-0.1382327032752274,-1.1281521496355325,-0.780805960329528,1.6870547845739468,-0.6919126161531287,-0.9369814684936247,1.038230262476527,-0.5908235884319065,1.5139950693310888,-0.5097475058154178,-0.3648896763690086,-0.5484642268462742,1.2215612297409535
-0.05724901482582853,-0.3095677612071721,0.8784927524454236,0.7473906632295481,0.3730891127167922,0.42836255163357057,0.5556225186619829,-0.1382327032752274,0.8864052604279182,1.280727928329292,1.6870547845739468,-0.6919126161531287,-0.9369814684936247,1.038230262476527,-0.5908235884319065,-0.6605041325807084,1.9617555526835775,-0.3648896763690086,-0.5484642268462742,1.2215612297409535
-0.29076839806011023,1.4460672732859483,-0.40895067979813343,0.6575829742586127,0.6297206341733211,0.5947733605324826,0.32485841270998445,-0.1382327032752274,-1.1281521496355325,-0.780805960329528,-0.5927489783638191,-0.6919126161531287,-0.9369814684936247,1.038230262476527,-0.5908235884319065,-0.6605041325807084,1.9617555526835775,-0.3648896763690086,1.8232729703268034,-0.818624540181307
-1.5020387866684692,0.7239241172239294,-1.6603903902142447,-1.1113077567224812,-1.4113169531410659,0.8015751424651131,-1.7159958559271433,-0.1382327032752274,0.8864052604279182,1.280727928329292,-0.5927489783638191,-0.6919126161531287,1.0672569667868559,1.038230262476527,1.6925525987445438,-0.6605041325807084,-0.5097475058154178,-0.3648896763690086,-0.5484642268462742,-0.818624540181307
0.12903171454808418,1.0380610371067636,0.7282703268895222,0.08666266580052666,0.9142259912936699,-0.0732933334451916,0.7564340606245227,-0.1382327032752274,-1.1281521496355325,1.280727928329292,-0.5927489783638191,-0.6919126161531287,-0.9369814684936247,1.038230262476527,-0.5908235884319065,1.5139950693310888,-0.5097475058154178,-0.3648896763690086,1.8232729703268034,-0.818624540181307
1.4410184783681754,0.5789378465087747,-0.48716566169914066,1.3551962725149842,1.293886856369809,-0.6234183861644135,0.5726387593337335,-0.1382327032752274,0.8864052604279182,-0.780805960329528,-0.5927489783638191,-0.6919126161531287,1.0672569667868559,-0.9631774724179828,-0.5908235884319065,-0.6605041325807084,-0.5097475058154178,2.7405543778353203,1.8232729703268034,-0.818624540181307
1.3411933985122984,1.986977590954024,0.4290669834269406,0.5421159455816964,2.079160088691852,-0.9425070731307761,2.203212558440857,-0.1382327032752274,-1.1281521496355325,-0.780805960329528,1.6870547845739468,-0.6919126161531287,-0.9369814684936247,-0.9631774724179828,-0.5908235884319065,-0.6605041325807084,1.9617555526835775,-0.3648896763690086,-0.5484642268462742,1.2215612297409535
-0.6027217726097249,-0.21383964656832,-0.2947319760696796,-0.1859678185755265,-0.6053786357579202,0.4525971354538004,0.002246411202277935,-0.1382327032752274,0.8864052604279182,-0.780805960329528,-0.5927489783638191,1.4452692098024813,1.0672569667868559,1.038230262476527,-0.5908235884319065,1.5139950693310888,-0.5097475058154178,-0.3648896763690086,-0.5484642268462742,1.2215612297409535
-0.494875034551144,0.015721948730674448,-1.0098403820217425,-1.74958383190877,-1.1739087666251014,-0.432772993445271,-0.8038855518495228,-0.1382327032752274,0.8864052604279182,1.280727928329292,-0.5927489783638191,-0.6919126161531287,-0.9369814684936247,-0.9631774724179828,-0.5908235884319065,-0.6605041325807084,-0.5097475058154178,-0.3648896763690086,-0.5484642268462742,1.2215612297409535
-0.8513931768935601,-0.4489776368948206,-0.26493579248834337,-1.159419018671197,-1.141229097226142,0.18763235235261838,-1.5975787424804526,-0.1382327032752274,0.8864052604279182,1.280727928329292,-0.5927489783638191,-0.6919126161531287,-0.9369814684936247,-0.9631774724179828,-0.5908235884319065,-0.6605041325807084,-0.5097475058154178,-0.3648896763690086,-0.5484642268462742,-0.818624540181307
-0.8799146282809535,0.9683560992629393,-0.23762262420545222,1.2156736128637096,0.2985986898221059,1.4098631963528876,-0.0728837742197818,-0.1382327032752274,0.8864052604279182,1.280727928329292,-0.5927489783638191,1.4452692098024813,-0.9369814684936247,1.038230262476527,-0.5908235884319065,-0.6605041325807084,1.9617555526835775,-0.3648896763690086,-0.5484642268462742,-0.818624540181307
-1.029652248064768,-1.3783768081458108,-1.7547449715551418,-0.4441649243669646,-2.080289009072696,0.7094837239482389,-1.9924351342085787,-0.1382327032752274,0.8864052604279182,-0.780805960329528,-0.5927489783638191,1.4452692098024813,-0.9369814684936247,1.038230262476527,1.6925525987445438,-0.6605041325807084,-0.5097475058154178,-0.3648896763690086,1.8232729703268034,-0.818624540181307
0.3964203213048963,-1.0066171396454147,0.3558180321228226,0.5501344892398152,-0.004168835491778482,-0.08217934751260982,-0.6769105629772745,-0.1382327032752274,-1.1281521496355325,-0.780805960329528,-0.5927489783638191,-0.6919126161531287,-0.9369814684936247,1.038230262476527,-0.5908235884319065,-0.6605041325807084,1.9617555526835775,-0.3648896763690086,-0.5484642268462742,-0.818624540181307
0.21816125013368823,0.6663013686063675,-0.1407850275661102,0.012892064145829904,0.4115357825979181,-0.1912349747036446,0.7381241876209982,-0.1382327032752274,0.8864052604279182,1.280727928329292,-0.5927489783638191,-0.6919126161531287,-0.9369814684936247,-0.9631774724179828,-0.5908235884319065,1.5139950693310888,-0.5097475058154178,-0.3648896763690086,-0.5484642268462742,1.2215612297409535
0.7368951472419031,0.5138799045212051,-1.2792475419029887,-0.20200490589176512,0.10732650716349271,-0.7696337085464683,-0.0033261588422733787,-0.1382327032752274,0.8864052604279182,1.280727928329292,-0.5927489783638191,-0.6919126161531287,1.0672569667868559,-0.9631774724179828,-0.5908235884319065,1.5139950693310888,-0.5097475058154178,-0.3648896763690086,1.8232729703268034,-0.818624540181307
0.8135465478455237,2.1003642898466457,1.4458617481400302,2.1714840169115166,2.7351563935385994,0.3564666196335536,1.4778828610350345,7.234178138070234,0.8864052604279182,-0.780805960329528,1.6870547845739468,-0.6919126161531287,1.0672569667868559,-0.9631774724179828,-0.5908235884319065,-0.6605041325807084,-0.5097475058154178,2.7405543778353203,-0.5484642268462742,-0.818624540181307
1.4472575458591683,0.0389569280119492,0.9455341655034303,-0.13144172170031543,1.1271244257604172,-1.3779217624342432,1.8068635140222262,-0.1382327032752274,0.8864052604279182,-0.780805960329528,-0.5927489783638191,-0.6919126161531287,-0.9369814684936247,1.038230262476527,-0.5908235884319065,1.5139950693310888,-0.5097475058154178,-0.3648896763690086,-0.5484642268462742,1.2215612297409535
0.6700479955527,0.04732152055320843,0.9467756731526532,0.41863037324666147,0.8777016549065986,-0.39642111771492505,0.4464598518964191,-0.1382327032752274,0.8864052604279182,1.280727928329292,1.6870547845739468,-0.6919126161531287,1.0672569667868559,-0.9631774724179828,-0.5908235884319065,1.5139950693310888,-0.5097475058154178,-0.3648896763690086,1.8232729703268034,-0.818624540181307
1.1727385762555067,1.3401157677633353,-1.1364741622424208,-1.0551779511156478,0.569167129110542,-1.5944173778949646,0.5672652096479172,-0.1382327032752274,-1.1281521496355325,-0.780805960329528,1.6870547845739468,-0.6919126161531287,1.0672569667868559,-0.9631774724179828,1.6925525987445438,-0.6605041325807084,-0.5097475058154178,-0.3648896763690086,-0.5484642268462742,1.2215612297409535
-0.22748642779433192,0.10866186585577346,0.3558180321228226,-1.1530041837447018,-0.27425669140670367,-0.37460999227671893,-0.9065800569562326,-0.1382327032752274,0.8864052604279182,-0.780805960329528,-0.5927489783638191,-0.6919126161531287,-0.9369814684936247,1.038230262476527,1.6925525987445438,-0.6605041325807084,-0.5097475058154178,-0.3648896763690086,-0.5484642268462742,-0.818624540181307
-1.2925843780423003,-0.22406303745208084,0.056614688660241025,0.17967777223470907,-0.7370584801007831,1.2620322350494844,0.025830323712251455,-0.1382327032752274,-1.1281521496355325,-0.780805960329528,-0.5927489783638191,1.4452692098024813,1.0672569667868559,1.038230262476527,-0.5908235884319065,1.5139950693310888,-0.5097475058154178,-0.3648896763690086,-0.5484642268462742,1.2215612297409535
0.39374643523732805,0.9032981572753698,0.4315499987253848,0.019306899072325124,0.8522307361103498,-0.34714413061379124,1.8060674325872894,-0.1382327032752274,0.8864052604279182,-0.780805960329528,1.6870547845739468,-0.6919126161531287,-0.9369814684936247,-0.9631774724179828,-0.5908235884319065,1.5139950693310888,-0.5097475058154178,-0.3648896763690086,-0.5484642268462742,1.2215612297409535
0.738677737953616,0.6068198216463041,1.15286594292356,0.06421074355779281,1.1775856799793982,-0.6371513169958778,1.1785562414991992,-0.1382327032752274,-1.1281521496355325,1.280727928329292,1.6870547845739468,-0.6919126161531287,1.0672569667868559,-0.9631774724179828,-0.5908235884319065,1.5139950693310888,-0.5097475058154178,-0.3648896763690086,-0.5484642268462742,1.2215612297409535
0.8206769106923719,0.898651161419115,0.16959188473947281,0.3127855969594886,1.0665709206976381,-0.5862586909733946,0.8541530567628843,-0.1382327032752274,0.8864052604279182,1.280727928329292,-0.5927489783638191,-0.6919126161531287,1.0672569667868559,-0.9631774724179828,-0.5908235884319065,1.5139950693310888,-0.5097475058154178,-0.3648896763690086,1.8232729703268034,-0.818624540181307
1.3340630356654504,0.5436206780012375,1.3080543990763513,0.5501344892398152,1.6716253879518932,-0.9320054201420102,0.7308599445272116,-0.1382327032752274,0.8864052604279182,-0.780805960329528,-0.5927489783638191,1.4452692098024813,-0.9369814684936247,-0.9631774724179828,-0.5908235884319065,-0.6605041325807084,1.9617555526835775,-0.3648896763690086,-0.5484642268462742,-0.818624540181307
1.0889568128050393,0.46369234927365105,1.3353675673592427,1.8635719404397393,1.9023054072386596,-0.0482509301642876,1.0139664048262302,7.234178138070234,0.8864052604279182,-0.780805960329528,-0.5927489783638191,1.4452692098024813,1.0672569667868559,1.038230262476527,-0.5908235884319065,-0.6605041325807084,-0.5097475058154178,2.7405543778353203,-0.5484642268462742,-0.818624540181307
-0.4592232203169025,-0.6097636935212416,0.45762165935905297,1.6085822521115505,0.09627308957267024,1.2264881787798139,-0.1035329094648098,-0.1382327032752274,0.8864052604279182,-0.780805960329528,-0.5927489783638191,-0.6919126161531287,-0.9369814684936247,1.038230262476527,-0.5908235884319065,-0.6605041325807084,-0.5097475058154178,2.7405543778353203,1.8232729703268034,-0.818624540181307
0.37235534669678355,-0.6432220636862779,-0.31087157550956934,-1.7014725699600541,-0.7620488155235168,-1.194546744861169,-0.887275082159042,-0.1382327032752274,-1.1281521496355325,-0.780805960329528,-0.5927489783638191,1.4452692098024813,-0.9369814684936247,1.038230262476527,-0.5908235884319065,-0.6605041325807084,-0.5097475058154178,-0.3648896763690086,1.8232729703268034,-0.818624540181307
1.542626148935764,0.015721948730674448,1.4731749164229213,1.0152100214107296,1.7143973081946475,-0.8867675303442472,2.2962545761489714,-0.1382327032752274,0.8864052604279182,-0.780805960329528,-0.5927489783638191,-0.6919126161531287,-0.9369814684936247,-0.9631774724179828,-0.5908235884319065,-0.6605041325807084,1.9617555526835775,-0.3648896763690086,-0.5484642268462742,1.2215612297409535
-0.5073531695331286,-1.6190911934998173,1.13672634348367,1.6999936498141084,-0.16131959863088877,1.3161561389146643,0.3001798882269804,-0.1382327032752274,-1.1281521496355325,-0.780805960329528,-0.5927489783638191,-0.6919126161531287,-0.9369814684936247,-0.9631774724179828,-0.5908235884319065,-0.6605041325807084,-0.5097475058154178,2.7405543778353203,-0.5484642268462742,1.2215612297409535
-1.0777821972809942,0.0008515619906589225,-2.271212153631631,0.9927580991679957,-1.162374765660761,1.4769122115888573,-0.9744459992845044,-0.1382327032752274,0.8864052604279182,1.280727928329292,-0.5927489783638191,1.4452692098024813,-0.9369814684936247,-0.9631774724179828,-0.5908235884319065,-0.6605041325807084,1.9617555526835775,-0.3648896763690086,1.8232729703268034,-0.818624540181307
0.5844836413905207,-0.6264928786037594,-0.3195621290541257,-0.8194327675669424,-0.3780627000857494,-0.9425070731307761,-0.701887617998381,-0.1382327032752274,0.8864052604279182,1.280727928329292,-0.5927489783638191,1.4452692098024813,-0.9369814684936247,-0.9631774724179828,1.6925525987445438,-0.6605041325807084,-0.5097475058154178,-0.3648896763690086,1.8232729703268034,-0.818624540181307
-1.3014973316008602,-1.8579467805113212,0.4601046746574989,0.7457869544979234,-1.2608943572311537,1.555270699274267,-0.08492450592318576,-0.1382327032752274,-1.1281521496355325,-0.780805960329528,1.6870547845739468,-0.6919126161531287,-0.9369814684936247,1.038230262476527,-0.5908235884319065,-0.6605041325807084,1.9617555526835775,-0.3648896763690086,-0.5484642268462742,1.2215612297409535
0.8848501763140066,0.6021728257900494,-1.0632252109383027,0.032136568925315565,0.3865454471751857,-0.7857900977599559,-0.25926634017411315,-0.1382327032752274,0.8864052604279182,-0.780805960329528,-0.5927489783638191,1.4452692098024813,-0.9369814684936247,-0.9631774724179828,-0.5908235884319065,1.5139950693310888,-0.5097475058154178,-0.3648896763690086,-0.5484642268462742,-0.818624540181307
-1.049260745893601,-0.14785230540950028,-1.568518824171792,-0.35114981793278216,-1.3546081150664044,0.7741092808021854,-0.7003949653078778,-0.1382327032752274,0.8864052604279182,-0.780805960329528,1.6870547845739468,-0.6919126161531287,-0.9369814684936247,1.038230262476527,-0.5908235884319065,1.5139950693310888,-0.5097475058154178,-0.3648896763690086,-0.5484642268462742,1.2215612297409535
-0.2060953392537874,0.6226196075575711,0.16959188473947281,1.1755808945731134,0.6287594674262911,0.7789561975662322,0.36814534073461536,-0.1382327032752274,-1.1281521496355325,-0.780805960329528,1.6870547845739468,-0.6919126161531287,-0.9369814684936247,-0.9631774724179828,-0.5908235884319065,-0.6605041325807084,1.9617555526835775,-0.3648896763690086,1.8232729703268034,-0.818624540181307
-1.3861703904071843,-1.5642566423960087,-0.6373880872550429,-0.5901024189447334,-1.9798470840082485,0.9590999372966087,-2.018705821561459,-0.1382327032752274,0.8864052604279182,-0.780805960329528,-0.5927489783638191,-0.6919126161531287,-0.9369814684936247,-0.9631774724179828,1.6925525987445438,-0.6605041325807084,-0.5097475058154178,-0.3648896763690086,-0.5484642268462742,-0.818624540181307
-0.5831132747808921,-0.5809523192124614,-0.5691051665478151,-1.3310158529549478,-1.233981688314364,-0.1419579876025102,-0.9457870676268182,-0.1382327032752274,0.8864052604279182,1.280727928329292,-0.5927489783638191,1.4452692098024813,1.0672569667868559,1.038230262476527,-0.5908235884319065,-0.6605041325807084,-0.5097475058154178,-0.3648896763690086,1.8232729703268034,-0.818624540181307
1.5354957860889158,-0.5986109034662299,-1.5399641482396786,-0.5163318172900377,-0.23244593791097662,-1.651772559602843,-0.8274694643594949,-0.1382327032752274,0.8864052604279182,1.280727928329292,-0.5927489783638191,1.4452692098024813,-0.9369814684936247,-0.9631774724179828,1.6925525987445438,-0.6605041325807084,-0.5097475058154178,-0.3648896763690086,-0.5484642268462742,-0.818624540181307
-0.2158995881682038,0.33543526364101484,0.16835037709024983,-0.8835811168318969,-0.14257684706383947,-0.24939797587219664,-0.7593049914931208,-0.1382327032752274,-1.1281521496355325,-0.780805960329528,-0.5927489783638191,1.4452692098024813,-0.9369814684936247,-0.9631774724179828,1.6925525987445438,-0.6605041325807084,-0.5097475058154178,-0.3648896763690086,-0.5484642268462742,-0.818624540181307
0.7529384636473124,1.2239408713569615,1.4731749164229213,1.3279332240773787,2.007072582664737,-0.013514693355290642,2.6865334996262162,7.234178138070234,0.8864052604279182,-0.780805960329528,-0.5927489783638191,1.4452692098024813,1.0672569667868559,1.038230262476527,-0.5908235884319065,-0.6605041325807084,-0.5097475058154178,2.7405543778353203,-0.5484642268462742,1.2215612297409535
-0.3914847732718436,-0.5316941631361588,0.08020333399546505,-1.9340103360455112,-1.0345395883060118,-0.619379288861042,-0.20463525170164754,-0.1382327032752274,-1.1281521496355325,1.280727928329292,-0.5927489783638191,1.4452692098024813,-0.9369814684936247,-0.9631774724179828,-0.5908235884319065,-0.6605041325807084,-0.5097475058154178,-0.3648896763690086,-0.5484642268462742,1.2215612297409535
0.5042670593634766,1.8800966862601607,0.6649534367791826,-0.3094533909105615,1.4087462826396784,-0.6129167331756469,1.0744685938813494,-0.1382327032752274,0.8864052604279182,-0.780805960329528,-0.5927489783638191,1.4452692098024813,1.0672569667868559,1.038230262476527,-0.5908235884319065,1.5139950693310888,-0.5097475058154178,-0.3648896763690086,1.8232729703268034,-0.818624540181307
1.3563454195618514,-0.569799529157449,0.33098787913837563,0.2502409564261576,0.6398128850171163,-1.1032631458049689,-0.21170047443670198,-0.1382327032752274,0.8864052604279182,-0.780805960329528,-0.5927489783638191,1.4452692098024813,-0.9369814684936247,1.038230262476527,-0.5908235884319065,1.5139950693310888,-0.5097475058154178,-0.3648896763690086,-0.5484642268462742,-0.818624540181307
0.7101562865662221,-0.39693128330476496,1.1143792057976674,0.1459998888706083,0.6527886361019989,-0.5701023017599076,1.2554776101498615,-0.1382327032752274,-1.1281521496355325,1.280727928329292,1.6870547845739468,-0.6919126161531287,1.0672569667868559,-0.9631774724179828,-0.5908235884319065,1.5139950693310888,-0.5097475058154178,-0.3648896763690086,-0.5484642268462742,1.2215612297409535
1.1878905973050595,-0.7203621949001099,-2.1073331439342846,-0.6189691761139625,-0.733213813112671,-1.3884234154230088,-1.586035561673886,-0.1382327032752274,0.8864052604279182,-0.780805960329528,1.6870547845739468,-0.6919126161531287,-0.9369814684936247,-0.9631774724179828,1.6925525987445438,-0.6605041325807084,-0.5097475058154178,-0.3648896763690086,-0.5484642268462742,-0.818624540181307
-1.8639047011460217,-0.6385750678300225,-1.6330772219313536,-0.6269877197720823,-2.155260015340897,1.3735113206225422,-2.010545986853367,-0.1382327032752274,-1.1281521496355325,-0.780805960329528,1.6870547845739468,-0.6919126161531287,1.0672569667868559,-0.9631774724179828,1.6925525987445438,-0.6605041325807084,-0.5097475058154178,-0.3648896763690086,1.8232729703268034,-0.818624540181307
-0.049227356623123865,2.2462799597330507,-1.0098403820217425,-0.5451985744592669,0.5807011300748837,-0.230010308816013,-0.2760835604871317,-0.1382327032752274,0.8864052604279182,1.280727928329292,-0.5927489783638191,1.4452692098024813,-0.9369814684936247,1.038230262476527,1.6925525987445438,-0.6605041325807084,-0.5097475058154178,-0.3648896763690086,-0.5484642268462742,-0.818624540181307
-0.41198456645653225,0.775970470813985,-0.543033505914146,-0.42331671085585426,-0.15795551501629038,0.1601664906896913,0.8498741190501041,-0.1382327032752274,-1.1281521496355325,1.280727928329292,-0.5927489783638191,-0.6919126161531287,-0.9369814684936247,1.038230262476527,1.6925525987445438,-0.6605041325807084,-0.5097475058154178,-0.3648896763690086,-0.5484642268462742,1.2215612297409535
0.17894425447602264,0.35774084375103943,-2.385430857360086,0.44428971295264236,-0.5087813776815836,0.06161251648742193,-1.1195318408015438,-0.1382327032752274,0.8864052604279182,-0.780805960329528,-0.5927489783638191,1.4452692098024813,-0.9369814684936247,1.038230262476527,-0.5908235884319065,1.5139950693310888,-0.5097475058154178,-0.3648896763690086,-0.5484642268462742,-0.818624540181307
1.9954041897106323,-1.6506907653223508,0.6078440849149561,-0.7729252143498512,0.22603060042147705,-2.1978585150186927,-0.5912322985423154,-0.1382327032752274,0.8864052604279182,-0.780805960329528,-0.5927489783638191,1.4452692098024813,-0.9369814684936247,1.038230262476527,1.6925525987445438,-0.6605041325807084,-0.5097475058154178,-0.3648896763690086,-0.5484642268462742,-0.818624540181307
-0.5510266419700748,0.013863150388172837,-0.3928110803582437,-0.631798845966954,-0.6313301379276813,0.18116979666722385,-0.6434751427099723,-0.1382327032752274,0.8864052604279182,-0.780805960329528,-0.5927489783638191,-0.6919126161531287,1.0672569667868559,1.038230262476527,1.6925525987445438,-0.6605041325807084,-0.5097475058154178,-0.3648896763690086,1.8232729703268034,-0.818624540181307
-0.94141400783502,0.025945339614435285,-0.24879619304845363,-1.8153358899053469,-1.1345009299969453,-0.06117604153507669,-1.808739343097157,-0.1382327032752274,-1.1281521496355325,1.280727928329292,-0.5927489783638191,-0.6919126161531287,1.0672569667868559,1.038230262476527,-0.5908235884319065,-0.6605041325807084,-0.5097475058154178,-0.3648896763690086,-0.5484642268462742,-0.818624540181307
-1.2070200238801203,1.2852812166595267,0.34340295563059997,0.11071829677488401,0.17989459656412157,1.1497453300157516,0.09180557263254893,-0.1382327032752274,-1.1281521496355325,-0.780805960329528,1.6870547845739468,-0.6919126161531287,1.0672569667868559,1.038230262476527,-0.5908235884319065,1.5139950693310888,-0.5097475058154178,-0.3648896763690086,1.8232729703268034,-0.818624540181307
-0.40931068038896407,0.2964004984484731,-0.351841327933907,0.1812814809663326,-0.14930501429303894,0.4622909689818922,-0.6197917200206355,-0.1382327032752274,0.8864052604279182,1.280727928329292,-0.5927489783638191,1.4452692098024813,1.0672569667868559,-0.9631774724179828,-0.5908235884319065,1.5139950693310888,-0.5097475058154178,-0.3648896763690086,-0.5484642268462742,-0.818624540181307
-0.8362411558440073,-0.4536246327510753,-0.8856896170995093,-0.8915996604900156,-1.2954963601241691,0.3088052714537687,-1.7310218930115564,-0.1382327032752274,-1.1281521496355325,1.280727928329292,-0.5927489783638191,1.4452692098024813,1.0672569667868559,1.038230262476527,1.6925525987445438,-0.6605041325807084,-0.5097475058154178,-0.3648896763690086,-0.5484642268462742,-0.818624540181307
1.0648918381969266,2.1737868243754734,-0.011668232046986882,-0.06087853750886685,1.6754700549400052,-0.9958231575352825,1.6745149754641615,-0.1382327032752274,0.8864052604279182,-0.780805960329528,-0.5927489783638191,-0.6919126161531287,-0.9369814684936247,1.038230262476527,-0.5908235884319065,1.5139950693310888,-0.5097475058154178,-0.3648896763690086,-0.5484642268462742,1.2215612297409535
-0.2568991745375811,-0.4619892252923345,-0.3977771109551329,-0.7616992532284843,-0.7596458986559445,-0.15084400166992784,0.46566531651424214,-0.1382327032752274,-1.1281521496355325,-0.780805960329528,-0.5927489783638191,-0.6919126161531287,-0.9369814684936247,1.038230262476527,1.6925525987445438,-0.6605041325807084,-0.5097475058154178,-0.3648896763690086,-0.5484642268462742,1.2215612297409535
1.8153625278277126,-1.8374999987437997,-0.6733918090824905,1.7112196109354765,0.2808171050020867,-0.7833666393779322,-0.6188961284063315,-0.1382327032752274,-1.1281521496355325,-0.780805960329528,-0.5927489783638191,-0.6919126161531287,1.0672569667868559,-0.9631774724179828,-0.5908235884319065,-0.6605041325807084,-0.5097475058154178,2.7405543778353203,-0.5484642268462742,-0.818624540181307
1.4419097737240318,0.30662388933223395,-0.8323047881829491,-0.18917523603877354,0.5571525447726923,-1.4021563462544733,-0.10990156094429498,-0.1382327032752274,0.8864052604279182,-0.780805960329528,1.6870547845739468,-0.6919126161531287,1.0672569667868559,1.038230262476527,-0.5908235884319065,1.5139950693310888,-0.5097475058154178,-0.3648896763690086,-0.5484642268462742,-0.818624540181307
0.8367202270977799,-0.6329986728025163,-0.2922489607712345,-0.6109506324558437,-0.17237301622171397,-1.0661034506139495,-0.9929548926467595,-0.1382327032752274,0.8864052604279182,1.280727928329292,-0.5927489783638191,-0.6919126161531287,1.0672569667868559,1.038230262476527,1.6925525987445438,-0.6605041325807084,-0.5097475058154178,-0.3648896763690086,-0.5484642268462742,-0.818624540181307
-0.02070590523573118,0.5408324804874843,-0.30342252961423594,-0.9397109224387303,-0.13056226272598692,-0.4545841188834771,0.8353456328625254,-0.1382327032752274,0.8864052604279182,-0.780805960329528,1.6870547845739468,-0.6919126161531287,-0.9369814684936247,1.038230262476527,1.6925525987445438,-0.6605041325807084,-0.5097475058154178,-0.3648896763690086,-0.5484642268462742,1.2215612297409535
-0.40396290825382764,-0.25473321010336336,-0.4499204322224711,-0.5788764578233665,-0.6971700600991121,0.0745376278582116,-1.2225248764463543,-0.1382327032752274,-1.1281521496355325,-0.780805960329528,1.6870547845739468,-0.6919126161531287,1.0672569667868559,1.038230262476527,1.6925525987445438,-0.6605041325807084,-0.5097475058154178,-0.3648896763690086,-0.5484642268462742,-0.818624540181307
1.7449501947150847,0.7852644625264944,-0.5095127993851426,1.308688719297892,1.5418678771030865,-0.9223115866139178,1.120840337466357,-0.1382327032752274,0.8864052604279182,-0.780805960329528,-0.5927489783638191,-0.6919126161531287,1.0672569667868559,1.038230262476527,-0.5908235884319065,-0.6605041325807084,-0.5097475058154178,2.7405543778353203,1.8232729703268034,-0.818624540181307
0.10140155851654674,0.17557860618584464,-0.6237315031135974,-0.26775696388834197,-0.17621768320982875,-0.22677903097331517,-0.9286713167756987,-0.1382327032752274,0.8864052604279182,1.280727928329292,-0.5927489783638191,1.4452692098024813,1.0672569667868559,-0.9631774724179828,-0.5908235884319065,1.5139950693310888,-0.5097475058154178,-0.3648896763690086,-0.5484642268462742,-0.818624540181307
-0.494875034551144,-0.8207373053952166,-1.6305942066329084,-0.3174719345686814,-1.4175645369967504,0.28860978493691025,-0.5777984243277743,-0.1382327032752274,0.8864052604279182,-0.780805960329528,-0.5927489783638191,-0.6919126161531287,-0.9369814684936247,1.038230262476527,-0.5908235884319065,1.5139950693310888,-0.5097475058154178,-0.3648896763690086,-0.5484642268462742,1.2215612297409535
0.06307585821473767,-1.1330154269355492,-0.9775611831419622,0.09147379199539836,-0.9028597439631475,-0.011091234973268117,-1.332085583929385,-0.1382327032752274,-1.1281521496355325,-0.780805960329528,-0.5927489783638191,-0.6919126161531287,-0.9369814684936247,-0.9631774724179828,-0.5908235884319065,1.5139950693310888,-0.5097475058154178,-0.3648896763690086,-0.5484642268462742,-0.818624540181307
0.13705337275078885,-0.4935887971148678,-0.3443922820385727,-1.290923134664352,-0.7014953104607378,-0.7744806253105151,-0.05328026888448901,-0.1382327032752274,-1.1281521496355325,-0.780805960329528,-0.5927489783638191,1.4452692098024813,1.0672569667868559,-0.9631774724179828,-0.5908235884319065,-0.6605041325807084,-0.5097475058154178,-0.3648896763690086,-0.5484642268462742,1.2215612297409535
0.12903171454808418,-0.6348574711450187,-0.1407850275661102,-1.505820104701946,-0.7644517323910865,-0.8754580578948065,-0.04482190363829601,-0.1382327032752274,0.8864052604279182,1.280727928329292,-0.5927489783638191,-0.6919126161531287,-0.9369814684936247,-0.9631774724179828,-0.5908235884319065,-0.6605041325807084,-0.5097475058154178,-0.3648896763690086,-0.5484642268462742,1.2215612297409535
-1.0884777415512665,0.33450586446976466,0.7717230946123032,0.9783247205833806,0.17797226307006692,1.4793356699708797,0.9766500875636204,-0.1382327032752274,-1.1281521496355325,-0.780805960329528,1.6870547845739468,-0.6919126161531287,1.0672569667868559,1.038230262476527,-0.5908235884319065,-0.6605041325807084,1.9617555526835775,-0.3648896763690086,-0.5484642268462742,1.2215612297409535
-1.2079113192359763,1.4098207056071597,-0.3890865574105766,-0.43775008944046934,-0.20409151887364313,0.8742788939258032,-0.9459860879855531,-0.1382327032752274,0.8864052604279182,1.280727928329292,-0.5927489783638191,1.4452692098024813,-0.9369814684936247,-0.9631774724179828,1.6925525987445438,-0.6605041325807084,-0.5097475058154178,-0.3648896763690086,-0.5484642268462742,-0.818624540181307
-0.811284885880038,-0.20454565485581064,-0.20782644062411687,1.701597358545733,-0.11374184465299228,1.5924303944652871,-0.28036249819991194,-0.1382327032752274,0.8864052604279182,-0.780805960329528,-0.5927489783638191,-0.6919126161531287,-0.9369814684936247,1.038230262476527,-0.5908235884319065,-0.6605041325807084,-0.5097475058154178,2.7405543778353203,1.8232729703268034,-0.818624540181307
0.12903171454808418,-0.4489776368948206,0.3558180321228226,0.024118025267196825,-0.01762516995017201,-0.10479829241149072,-0.20443623134291264,-0.1382327032752274,-1.1281521496355325,1.280727928329292,-0.5927489783638191,-0.6919126161531287,1.0672569667868559,1.038230262476527,-0.5908235884319065,1.5139950693310888,-0.5097475058154178,-0.3648896763690086,1.8232729703268034,-0.818624540181307
0.6834174258905411,-0.5958227059524769,0.5991535313703988,-0.8178290588353189,0.04725358547423004,-1.031367213804953,0.27500381284713343,-0.1382327032752274,0.8864052604279182,1.280727928329292,1.6870547845739468,-0.6919126161531287,-0.9369814684936247,-0.9631774724179828,1.6925525987445438,-0.6605041325807084,-0.5097475058154178,-0.3648896763690086,-0.5484642268462742,1.2215612297409535
-1.5644294615783922,-2.3174184957985315,-1.7547449715551418,-0.9765962232660793,-3.0137621392021505,0.9259793394089607,-2.745677436926837,-0.1382327032752274,-1.1281521496355325,-0.780805960329528,1.6870547845739468,-0.6919126161531287,-0.9369814684936247,1.038230262476527,1.6925525987445438,-0.6605041325807084,-0.5097475058154178,-0.3648896763690086,1.8232729703268034,-0.818624540181307
0.37859441418777523,-0.09394715347694302,-1.8441335222991495,0.8756873617594548,-0.29588294321483766,0.09796439221776723,0.3568011802867807,-0.1382327032752274,-1.1281521496355325,-0.780805960329528,-0.5927489783638191,1.4452692098024813,1.0672569667868559,-0.9631774724179828,-0.5908235884319065,-0.6605041325807084,1.9617555526835775,-0.3648896763690086,-0.5484642268462742,1.2215612297409535
-0.8050458183890458,-2.204612671387941,1.7574801680948362,0.5244751495338343,-0.736577896727268,0.9938361741056045,0.5674642300066491,-0.1382327032752274,-1.1281521496355325,-0.780805960329528,1.6870547845739468,-0.6919126161531287,1.0672569667868559,1.038230262476527,-0.5908235884319065,-0.6605041325807084,1.9617555526835775,-0.3648896763690086,-0.5484642268462742,1.2215612297409535
-0.5073531695331286,0.8716985854528357,-0.0029776785024314043,-2.1873963156420775,-0.4794657918972241,-0.6419982337599235,-1.053755612239977,-0.1382327032752274,-1.1281521496355325,1.280727928329292,1.6870547845739468,-0.6919126161531287,-0.9369814684936247,-0.9631774724179828,-0.5908235884319065,-0.6605041325807084,-0.5097475058154178,-0.3648896763690086,-0.5484642268462742,-0.818624540181307
1.3269326728186022,0.23691895148840966,0.7096477121511865,1.3215183891508824,1.5087076243306135,-0.5369817038722601,0.12484295218237856,-0.1382327032752274,-1.1281521496355325,1.280727928329292,1.6870547845739468,-0.6919126161531287,1.0672569667868559,1.038230262476527,-0.5908235884319065,-0.6605041325807084,-0.5097475058154178,2.7405543778353203,-0.5484642268462742,-0.818624540181307
-2.2444878180965513,1.1421537442868748,-0.2326565936085621,0.38495248988255953,-0.594325218167095,2.2281843100159886,-1.0071848482962373,-0.1382327032752274,0.8864052604279182,-0.780805960329528,-0.5927489783638191,-0.6919126161531287,-0.9369814684936247,-0.9631774724179828,-0.5908235884319065,1.5139950693310888,-0.5097475058154178,-0.3648896763690086,-0.5484642268462742,-0.818624540181307
-1.1187817836503722,0.015721948730674448,-0.26493579248834337,0.8147464299577496,-0.453514289727463,1.4244039466450256,-0.7545285028835076,-0.1382327032752274,-1.1281521496355325,1.280727928329292,-0.5927489783638191,-0.6919126161531287,-0.9369814684936247,-0.9631774724179828,-0.5908235884319065,-0.6605041325807084,1.9617555526835775,-0.3648896763690086,-0.5484642268462742,-0.818624540181307
0.9017847880752713,-0.1803812764032844,0.5631498095429522,-0.2902088861310758,0.5239922920002194,-0.9635103791083093,1.0501881101158095,-0.1382327032752274,0.8864052604279182,1.280727928329292,-0.5927489783638191,-0.6919126161531287,-0.9369814684936247,-0.9631774724179828,-0.5908235884319065,1.5139950693310888,-0.5097475058154178,-0.3648896763690086,-0.5484642268462742,1.2215612297409535
0.026532748624639054,0.08449748740324724,0.5507347330507278,0.6800348965013465,0.47497278790177916,0.31849910498186107,-0.032084600679328446,-0.1382327032752274,0.8864052604279182,-0.780805960329528,-0.5927489783638191,-0.6919126161531287,1.0672569667868559,1.038230262476527,-0.5908235884319065,-0.6605041325807084,1.9617555526835775,-0.3648896763690086,-0.5484642268462742,-0.818624540181307
-1.7836881191189784,-0.9750175678228806,-2.4959250381408737,1.8876275714140978,-1.8664294078589212,2.56746848349921,-1.0024083596866227,-0.1382327032752274,-1.1281521496355325,-0.780805960329528,-0.5927489783638191,-0.6919126161531287,1.0672569667868559,1.038230262476527,-0.5908235884319065,-0.6605041325807084,-0.5097475058154178,2.7405543778353203,-0.5484642268462742,1.2215612297409535
-0.6865035360601925,-1.047510703180458,1.2372884630706775,-1.0022555629720602,-0.733213813112671,0.11735205927395144,-0.8766274929667752,-0.1382327032752274,0.8864052604279182,1.280727928329292,1.6870547845739468,-0.6919126161531287,-0.9369814684936247,-0.9631774724179828,1.6925525987445438,-0.6605041325807084,-0.5097475058154178,-0.3648896763690086,-0.5484642268462742,-0.818624540181307
-0.9743919360016939,-0.6088342943499908,0.5482517177522837,0.7602203330825386,-0.40016953526739846,1.2660713323528558,-0.2397623450181878,-0.1382327032752274,0.8864052604279182,-0.780805960329528,-0.5927489783638191,1.4452692098024813,-0.9369814684936247,-0.9631774724179828,-0.5908235884319065,-0.6605041325807084,1.9617555526835775,-0.3648896763690086,1.8232729703268034,-0.818624540181307
-0.13835689220872788,0.8521812028565655,0.7282703268895222,-0.5211429434849083,0.49179320597477383,-0.137111070838464,0.9538622564885836,-0.1382327032752274,0.8864052604279182,1.280727928329292,-0.5927489783638191,-0.6919126161531287,1.0672569667868559,1.038230262476527,1.6925525987445438,-0.6605041325807084,-0.5097475058154178,-0.3648896763690086,-0.5484642268462742,1.2215612297409535
-0.356724254393458,-0.8653484656152639,0.02061096683279262,0.24703353896291058,-0.5578008817800224,0.4477502186897548,0.10235365164544691,-0.1382327032752274,-1.1281521496355325,-0.780805960329528,1.6870547845739468,-0.6919126161531287,1.0672569667868559,-0.9631774724179828,-0.5908235884319065,1.5139950693310888,-0.5097475058154178,-0.3648896763690086,-0.5484642268462742,1.2215612297409535
1.0497398171473737,1.0687312097580461,1.4086165186633606,0.6543755567953656,1.860014070369419,-0.6218027472430651,2.108478867683504,-0.1382327032752274,0.8864052604279182,-0.780805960329528,-0.5927489783638191,1.4452692098024813,1.0672569667868559,-0.9631774724179828,-0.5908235884319065,-0.6605041325807084,1.9617555526835775,-0.3648896763690086,-0.5484642268462742,1.2215612297409535
-0.494875034551144,0.48042153435616947,-0.1407850275661102,-0.915655291464373,-0.3473053641808462,-0.012706873894616466,-0.4476391097157792,-0.1382327032752274,0.8864052604279182,1.280727928329292,-0.5927489783638191,-0.6919126161531287,-0.9369814684936247,-0.9631774724179828,1.6925525987445438,-0.6605041325807084,-0.5097475058154178,-0.3648896763690086,1.8232729703268034,-0.818624540181307
0.2716389714850501,-0.7696203509764125,-1.5821754083132376,-0.7905660103977133,-1.1008600938509587,-0.644421692141946,-0.2558829940756371,-0.1382327032752274,0.8864052604279182,1.280727928329292,-0.5927489783638191,-0.6919126161531287,1.0672569667868559,1.038230262476527,1.6925525987445438,-0.6605041325807084,-0.5097475058154178,-0.3648896763690086,-0.5484642268462742,1.2215612297409535
0.12903171454808418,-0.4489776368948206,-0.016634262643876987,0.9286097499030412,0.1092488406575501,0.35081188340883374,0.18922603823280826,-0.1382327032752274,-1.1281521496355325,-0.780805960329528,-0.5927489783638191,1.4452692098024813,-0.9369814684936247,1.038230262476527,-0.5908235884319065,-0.6605041325807084,1.9617555526835775,-0.3648896763690086,1.8232729703268034,-0.818624540181307
-0.049227356623123865,-0.5419175540199196,0.7282703268895222,-0.1907789447703982,-0.08202334200106312,-0.05148220800698487,-0.008998239066189307,-0.1382327032752274,0.8864052604279182,-0.780805960329528,-0.5927489783638191,-0.6919126161531287,-0.9369814684936247,-0.9631774724179828,-0.5908235884319065,1.5139950693310888,-0.5097475058154178,-0.3648896763690086,1.8232729703268034,-0.818624540181307
-0.2444210395555965,0.14397903436331067,-1.3053192025366578,-0.9060330390746307,-0.8341363215506307,-0.2348572255800592,-1.316064445051302,-0.1382327032752274,0.8864052604279182,-0.780805960329528,1.6870547845739468,-0.6919126161531287,-0.9369814684936247,1.038230262476527,1.6925525987445438,-0.6605041325807084,-0.5097475058154178,-0.3648896763690086,-0.5484642268462742,-0.818624540181307
-0.833567269776439,0.6402781918113397,1.5451823600778163,1.7336715331782102,0.9992892484056649,1.6287822701956325,1.1065108716375132,-0.1382327032752274,0.8864052604279182,-0.780805960329528,-0.5927489783638191,-0.6919126161531287,1.0672569667868559,-0.9631774724179828,-0.5908235884319065,-0.6605041325807084,-0.5097475058154178,2.7405543778353203,1.8232729703268034,-0.818624540181307
1.2315640697420065,-2.01594463962399,0.7915872169998618,0.38976361607743126,0.04485066860665898,-0.9198881282318958,1.072677410652744,-0.1382327032752274,-1.1281521496355325,-0.780805960329528,-0.5927489783638191,1.4452692098024813,-0.9369814684936247,1.038230262476527,-0.5908235884319065,1.5139950693310888,-0.5097475058154178,-0.3648896763690086,-0.5484642268462742,1.2215612297409535
-1.334475259767534,-1.136733023620553,-1.9782163484151611,0.5020232272911005,-1.922657662560072,1.4623714612967191,-1.4477164123538002,-0.1382327032752274,-1.1281521496355325,1.280727928329292,-0.5927489783638191,-0.6919126161531287,1.0672569667868559,-0.9631774724179828,-0.5908235884319065,-0.6605041325807084,1.9617555526835775,-0.3648896763690086,-0.5484642268462742,1.2215612297409535
1.7806020089493269,-0.7491735692088901,0.3136067720492629,-0.6767026904524217,0.49131262260126013,-1.9547048573557186,0.6641881243513449,-0.1382327032752274,0.8864052604279182,1.280727928329292,-0.5927489783638191,-0.6919126161531287,-0.9369814684936247,-0.9631774724179828,1.6925525987445438,-0.6605041325807084,-0.5097475058154178,-0.3648896763690086,-0.5484642268462742,1.2215612297409535
1.7333633550889567,0.6663013686063675,-0.1407850275661102,1.618204504501294,1.7095914744595082,-0.7559007777150045,1.3256322866035746,-0.1382327032752274,0.8864052604279182,-0.780805960329528,-0.5927489783638191,1.4452692098024813,1.0672569667868559,1.038230262476527,-0.5908235884319065,-0.6605041325807084,-0.5097475058154178,2.7405543778353203,1.8232729703268034,-0.818624540181307
0.850089657435621,-1.992709660342715,1.1143792057976674,0.7137127798654485,0.0732050876439925,-0.41096186800706364,0.8322608173021488,-0.1382327032752274,0.8864052604279182,-0.780805960329528,1.6870547845739468,-0.6919126161531287,-0.9369814684936247,1.038230262476527,-0.5908235884319065,-0.6605041325807084,1.9617555526835775,-0.3648896763690086,-0.5484642268462742,1.2215612297409535
0.1834007312553026,-0.6329986728025163,0.6227421767056247,-0.2789829250097089,-0.07096992441023792,-0.3067531575800745,-0.07248573350231487,-0.1382327032752274,-1.1281521496355325,1.280727928329292,-0.5927489783638191,1.4452692098024813,1.0672569667868559,-0.9631774724179828,-0.5908235884319065,1.5139950693310888,-0.5097475058154178,-0.3648896763690086,1.8232729703268034,-0.818624540181307
1.4650834529762882,1.4869608368209917,-1.379809661489997,1.6310341743542844,1.5135134580657557,-0.5062845643666346,1.0437199484569568,-0.1382327032752274,0.8864052604279182,-0.780805960329528,-0.5927489783638191,1.4452692098024813,-0.9369814684936247,-0.9631774724179828,-0.5908235884319065,-0.6605041325807084,-0.5097475058154178,2.7405543778353203,1.8232729703268034,-0.818624540181307
0.692330379449101,1.0092496627979826,-0.8298217728845041,-1.4095975808045165,0.1515401775267908,-1.337530789400526,1.0236188922248268,-0.1382327032752274,0.8864052604279182,-0.780805960329528,1.6870547845739468,-0.6919126161531287,1.0672569667868559,-0.9631774724179828,-0.5908235884319065,-0.6605041325807084,-0.5097475058154178,-0.3648896763690086,-0.5484642268462742,1.2215612297409535
-0.3112681912447995,-0.15807569629326113,-0.7416747297897193,-1.1546078924763254,-0.8826752422755558,-0.2994827824340058,-0.7786099662903141,-0.1382327032752274,0.8864052604279182,1.280727928329292,-0.5927489783638191,-0.6919126161531287,-0.9369814684936247,1.038230262476527,-0.5908235884319065,-0.6605041325807084,-0.5097475058154178,-0.3648896763690086,1.8232729703268034,-0.818624540181307
0.6415265441653073,-0.6590218495975442,-0.03773989268065684,0.033740277656939086,0.0006369982433636249,-0.5644475655351878,-0.5574983477369151,-0.1382327032752274,0.8864052604279182,1.280727928329292,-0.5927489783638191,1.4452692098024813,1.0672569667868559,-0.9631774724179828,-0.5908235884319065,1.5139950693310888,-0.5097475058154178,-0.3648896763690086,-0.5484642268462742,-0.818624540181307
-1.6535589971639963,-2.3174184957985315,-0.1407850275661102,-1.7624135017617604,-2.6725479440071376,0.6109297497459701,-2.4033624199044703,-0.1382327032752274,0.8864052604279182,-0.780805960329528,1.6870547845739468,-0.6919126161531287,-0.9369814684936247,-0.9631774724179828,-0.5908235884319065,-0.6605041325807084,-0.5097475058154178,-0.3648896763690086,-0.5484642268462742,-0.818624540181307
0.3215515114129886,-0.7705497501476632,-1.3053192025366578,-0.92688125258574,-1.0081075027627355,-0.7583242360970276,-1.3458179886820272,-0.1382327032752274,0.8864052604279182,-0.780805960329528,-0.5927489783638191,1.4452692098024813,-0.9369814684936247,1.038230262476527,1.6925525987445438,-0.6605041325807084,-0.5097475058154178,-0.3648896763690086,-0.5484642268462742,-0.818624540181307
-0.2560078791817246,-0.048406594085643656,-1.115368532205641,-1.4785570562643415,-1.03790367192061,-0.5127471200520308,-1.3266125240642026,-0.1382327032752274,-1.1281521496355325,-0.780805960329528,-0.5927489783638191,-0.6919126161531287,1.0672569667868559,-0.9631774724179828,-0.5908235884319065,-0.6605041325807084,-0.5097475058154178,-0.3648896763690086,-0.5484642268462742,-0.818624540181307
-0.7658288227313802,1.2211526738432086,-0.13581899696922006,-1.0583853685788949,-0.15122734778709088,0.16097431015036548,-0.6534261606466685,-0.1382327032752274,0.8864052604279182,1.280727928329292,-0.5927489783638191,1.4452692098024813,1.0672569667868559,-0.9631774724179828,1.6925525987445438,-0.6605041325807084,-0.5097475058154178,-0.3648896763690086,-0.5484642268462742,-0.818624540181307
0.5283320339715906,-0.47685961203235006,-0.2996980066665688,1.3471777288568632,0.3259919421124094,0.19974964426273273,1.042227295766451,-0.1382327032752274,-1.1281521496355325,-0.780805960329528,-0.5927489783638191,-0.6919126161531287,-0.9369814684936247,1.038230262476527,-0.5908235884319065,-0.6605041325807084,-0.5097475058154178,2.7405543778353203,-0.5484642268462742,1.2215612297409535
-0.7150249874475858,-0.2705329960146303,1.3862693809773579,-0.4794465164626888,-0.1324845962200443,0.4065514261953633,-0.6851699078647326,-0.1382327032752274,0.8864052604279182,-0.780805960329528,-0.5927489783638191,-0.6919126161531287,-0.9369814684936247,-0.9631774724179828,1.6925525987445438,-0.6605041325807084,-0.5097475058154178,-0.3648896763690086,-0.5484642268462742,-0.818624540181307
0.3964203213048963,0.7685352774439759,-0.7156030691560502,-0.8643366120524101,0.07512742113804716,-0.7946761118273729,0.8592280759105985,-0.1382327032752274,0.8864052604279182,-0.780805960329528,1.6870547845739468,-0.6919126161531287,1.0672569667868559,1.038230262476527,1.6925525987445438,-0.6605041325807084,-0.5097475058154178,-0.3648896763690086,-0.5484642268462742,1.2215612297409535
-0.5545918233934989,1.4953254293622509,-0.7764369439679438,-0.2741717988148372,0.09146725583752813,0.36454481424029817,-0.45888375998424924,-0.1382327032752274,-1.1281521496355325,-0.780805960329528,1.6870547845739468,-0.6919126161531287,1.0672569667868559,1.038230262476527,-0.5908235884319065,1.5139950693310888,-0.5097475058154178,-0.3648896763690086,-0.5484642268462742,-0.818624540181307
-1.9958164138127161,1.0696606089292975,-0.1271284434246646,-0.19879748842851694,-0.6318107213011936,1.7087563968023918,0.4088450040957041,-0.1382327032752274,0.8864052604279182,1.280727928329292,-0.5927489783638191,1.4452692098024813,1.0672569667868559,-0.9631774724179828,-0.5908235884319065,1.5139950693310888,-0.5097475058154178,-0.3648896763690086,-0.5484642268462742,1.2215612297409535
-0.44050601784392557,-1.7055253164261595,0.23166726720058942,-0.20681603208663682,-1.0917290097541896,0.2950723406223048,-0.45768963783184563,-0.1382327032752274,0.8864052604279182,-0.780805960329528,-0.5927489783638191,1.4452692098024813,1.0672569667868559,1.038230262476527,-0.5908235884319065,1.5139950693310888,-0.5097475058154178,-0.3648896763690086,-0.5484642268462742,1.2215612297409535
-0.8505018815377042,-0.31979115209093295,0.08144484164468802,1.348781437588488,-0.18823226754767855,1.4502541693866042,-0.875333860635007,-0.1382327032752274,0.8864052604279182,-0.780805960329528,1.6870547845739468,-0.6919126161531287,-0.9369814684936247,1.038230262476527,-0.5908235884319065,-0.6605041325807084,-0.5097475058154178,2.7405543778353203,-0.5484642268462742,-0.818624540181307
-0.2818554445015503,0.6709483644626222,1.4086165186633606,-1.0375371550677857,0.4293173674179428,-0.2671700040070325,1.2962767836903177,-0.1382327032752274,0.8864052604279182,1.280727928329292,-0.5927489783638191,1.4452692098024813,-0.9369814684936247,1.038230262476527,1.6925525987445438,-0.6605041325807084,-0.5097475058154178,-0.3648896763690086,-0.5484642268462742,1.2215612297409535
0.36076850707065417,-0.5158943772248917,-1.258141911866209,-0.3286978956900483,-0.657762223470956,-0.49255163353517134,-0.14273992013539538,-0.1382327032752274,-1.1281521496355325,-0.780805960329528,-0.5927489783638191,1.4452692098024813,-0.9369814684936247,1.038230262476527,-0.5908235884319065,1.5139950693310888,-0.5097475058154178,-0.3648896763690086,-0.5484642268462742,1.2215612297409535
-0.26313824202857405,-0.38299029573600024,0.13979570115813747,0.5052306447543475,-0.1344069297141017,0.4929881084875172,-0.9099634030547115,-0.1382327032752274,-1.1281521496355325,-0.780805960329528,1.6870547845739468,-0.6919126161531287,-0.9369814684936247,1.038230262476527,-0.5908235884319065,-0.6605041325807084,1.9617555526835775,-0.3648896763690086,-0.5484642268462742,-0.818624540181307
0.5408101689535753,1.474878647594729,-0.5641391359509249,0.4667416351953762,0.9757406631034735,-0.2550527120969176,0.12126058572517044,-0.1382327032752274,-1.1281521496355325,-0.780805960329528,-0.5927489783638191,-0.6919126161531287,-0.9369814684936247,-0.9631774724179828,-0.5908235884319065,-0.6605041325807084,1.9617555526835775,-0.3648896763690086,-0.5484642268462742,-0.818624540181307
-0.5349833255646661,0.39491681060107825,-1.667839436109578,0.5100417709492192,-0.5770242167205881,0.7417965023752121,-1.1455039976163204,-0.1382327032752274,-1.1281521496355325,-0.780805960329528,1.6870547845739468,-0.6919126161531287,-0.9369814684936247,1.038230262476527,-0.5908235884319065,-0.6605041325807084,1.9617555526835775,-0.3648896763690086,-0.5484642268462742,-0.818624540181307
-1.0153915223710719,1.0724488064430506,0.9244285354666504,-1.3101676394438375,-0.027717420793969886,0.260336103813309,-0.14532718479893475,-0.1382327032752274,-1.1281521496355325,1.280727928329292,1.6870547845739468,-0.6919126161531287,1.0672569667868559,-0.9631774724179828,-0.5908235884319065,-0.6605041325807084,-0.5097475058154178,-0.3648896763690086,-0.5484642268462742,-0.818624540181307
-0.4200062246592363,0.26201272911218737,0.23042575955136643,-0.9140515827327494,-0.27569844152724465,-0.07975588913058672,-1.1809296214709628,-0.1382327032752274,-1.1281521496355325,-0.780805960329528,-0.5927489783638191,-0.6919126161531287,1.0672569667868559,-0.9631774724179828,1.6925525987445438,-0.6605041325807084,-0.5097475058154178,-0.3648896763690086,-0.5484642268462742,-0.818624540181307
-0.6125260215241414,-0.2881915802683996,-1.0321875197077446,0.28231513105863487,-0.794247901548961,0.697366432038124,-1.4174653178262433,-0.1382327032752274,0.8864052604279182,1.280727928329292,-0.5927489783638191,1.4452692098024813,1.0672569667868559,1.038230262476527,-0.5908235884319065,1.5139950693310888,-0.5097475058154178,-0.3648896763690086,-0.5484642268462742,-0.818624540181307
2.01412139218361,0.8289462235752908,-1.8627561370374843,0.9270060411714188,1.0713767544327801,-1.3585340953780591,1.3676255822964345,-0.1382327032752274,-1.1281521496355325,-0.780805960329528,-0.5927489783638191,-0.6919126161531287,-0.9369814684936247,1.038230262476527,-0.5908235884319065,-0.6605041325807084,1.9617555526835775,-0.3648896763690086,-0.5484642268462742,1.2215612297409535
0.11120580743096313,1.1402949459443719,0.33222938678759856,-1.5683647452352756,0.3082103572923874,-0.8908066276476186,1.1446232703350596,-0.1382327032752274,-1.1281521496355325,1.280727928329292,-0.5927489783638191,-0.6919126161531287,1.0672569667868559,-0.9631774724179828,-0.5908235884319065,-0.6605041325807084,-0.5097475058154178,-0.3648896763690086,-0.5484642268462742,1.2215612297409535
-0.08487917085736599,-0.18874586894454365,-0.13706050461844305,-0.8964107866848873,-0.4650482906918032,-0.3746099922767184,-0.6989023126173732,-0.1382327032752274,-1.1281521496355325,-0.780805960329528,-0.5927489783638191,1.4452692098024813,1.0672569667868559,-0.9631774724179828,1.6925525987445438,-0.6605041325807084,-0.5097475058154178,-0.3648896763690086,-0.5484642268462742,-0.818624540181307
0.21816125013368823,-0.3560377197697216,-0.016634262643876987,-0.3351127306165435,-0.17333418296874128,-0.36653179766997546,-0.6008847859409107,-0.1382327032752274,0.8864052604279182,-0.780805960329528,-0.5927489783638191,1.4452692098024813,-0.9369814684936247,1.038230262476527,-0.5908235884319065,1.5139950693310888,-0.5097475058154178,-0.3648896763690086,-0.5484642268462742,-0.818624540181307
-0.8754581515016735,-0.46570682197733837,2.414237714533449,-0.9316923787806116,-0.05751358995184439,0.3241538412065814,-0.25966438089158006,-0.1382327032752274,-1.1281521496355325,1.280727928329292,1.6870547845739468,-0.6919126161531287,1.0672569667868559,1.038230262476527,1.6925525987445438,-0.6605041325807084,-0.5097475058154178,-0.3648896763690086,-0.5484642268462742,-0.818624540181307
1.5551042839177487,-0.6348574711450187,0.9058059207283164,-0.14587510028493053,0.8171481498438223,-1.4829382923219068,0.09319871514368464,-0.1382327032752274,0.8864052604279182,-0.780805960329528,-0.5927489783638191,1.4452692098024813,1.0672569667868559,-0.9631774724179828,-0.5908235884319065,1.5139950693310888,-0.5097475058154178,-0.3648896763690086,-0.5484642268462742,-0.818624540181307
1.4615182715528647,0.3512350495522818,1.2881902766887945,0.24703353896291058,1.5423484604766,-1.2002014810858894,1.8351244049624469,-0.1382327032752274,0.8864052604279182,-0.780805960329528,-0.5927489783638191,1.4452692098024813,1.0672569667868559,1.038230262476527,-0.5908235884319065,1.5139950693310888,-0.5097475058154178,-0.3648896763690086,-0.5484642268462742,1.2215612297409535
-0.46100581102861427,-0.17573428054702972,0.38561421570415794,-1.6004389198677529,-0.6697768078088085,-0.38834292310818275,0.5631852922938718,-0.1382327032752274,0.8864052604279182,-0.780805960329528,1.6870547845739468,-0.6919126161531287,-0.9369814684936247,-0.9631774724179828,-0.5908235884319065,-0.6605041325807084,-0.5097475058154178,-0.3648896763690086,-0.5484642268462742,1.2215612297409535
1.6620597266204737,0.15699062276082457,-1.3425644320133274,0.7618240418141632,0.6859488888744717,-1.1226508128611532,1.2981674770982907,-0.1382327032752274,0.8864052604279182,-0.780805960329528,-0.5927489783638191,-0.6919126161531287,1.0672569667868559,1.038230262476527,-0.5908235884319065,-0.6605041325807084,1.9617555526835775,-0.3648896763690086,-0.5484642268462742,1.2215612297409535
-0.6374822914881105,1.1876943036781729,-0.660976732590267,0.05939961736292111,0.03235550089529279,0.6076984719032729,0.7095647661426808,-0.1382327032752274,0.8864052604279182,-0.780805960329528,1.6870547845739468,-0.6919126161531287,1.0672569667868559,-0.9631774724179828,-0.5908235884319065,1.5139950693310888,-0.5097475058154178,-0.3648896763690086,-0.5484642268462742,1.2215612297409535
0.28768228789045946,-0.7501029683801416,0.5656328248413964,-0.6959471952319074,-0.22235368706718148,-0.6113010942542991,-1.0404212482048047,-0.1382327032752274,0.8864052604279182,-0.780805960329528,1.6870547845739468,-0.6919126161531287,1.0672569667868559,1.038230262476527,1.6925525987445438,-0.6605041325807084,-0.5097475058154178,-0.3648896763690086,-0.5484642268462742,-0.818624540181307
-0.001988702762753628,-0.4210956617572912,0.5494932254015067,-1.2861120084694802,-0.3915190345441443,-0.6460373310632955,0.36864289163144975,-0.1382327032752274,0.8864052604279182,-0.780805960329528,-0.5927489783638191,-0.6919126161531287,-0.9369814684936247,-0.9631774724179828,-0.5908235884319065,-0.6605041325807084,-0.5097475058154178,-0.3648896763690086,-0.5484642268462742,1.2215612297409535
0.9267410580392405,2.3342243563126774,0.3632670780181569,-0.7135879912797696,1.633479082679212,-1.1993936616252152,1.4288740976968053,-0.1382327032752274,0.8864052604279182,1.280727928329292,-0.5927489783638191,-0.6919126161531287,1.0672569667868559,-0.9631774724179828,1.6925525987445438,-0.6605041325807084,-0.5097475058154178,-0.3648896763690086,-0.5484642268462742,1.2215612297409535
-0.5528092326817865,-0.3095677612071721,-0.08243416805266073,-0.8098105151772002,-0.732733229739156,0.09311747545372104,-1.0411178194603725,-0.1382327032752274,-1.1281521496355325,-0.780805960329528,-0.5927489783638191,-0.6919126161531287,-0.9369814684936247,1.038230262476527,1.6925525987445438,-0.6605041325807084,-0.5097475058154178,-0.3648896763690086,-0.5484642268462742,-0.818624540181307
2.005208438625049,-0.43968364518231057,-1.0520516420953023,1.1771846033047382,0.7993665650238003,-1.2244360649061186,-0.32255481425150384,-0.1382327032752274,0.8864052604279182,-0.780805960329528,-0.5927489783638191,1.4452692098024813,1.0672569667868559,1.038230262476527,-0.5908235884319065,-0.6605041325807084,1.9617555526835775,-0.3648896763690086,-0.5484642268462742,-0.818624540181307
-0.07685751265466131,-0.22963943247958699,0.46507070525438726,-0.6494396420148162,-0.17477593308928502,-0.2574761704789401,0.15409894491627082,-0.1382327032752274,-1.1281521496355325,-0.780805960329528,-0.5927489783638191,1.4452692098024813,-0.9369814684936247,1.038230262476527,1.6925525987445438,-0.6605041325807084,-0.5097475058154178,-0.3648896763690086,-0.5484642268462742,1.2215612297409535
1.6014516424222625,-1.239896331629413,2.131173970510757,-0.6702878555259254,0.8464637356281804,-1.789101867917479,0.4788006601906823,-0.1382327032752274,0.8864052604279182,1.280727928329292,1.6870547845739468,-0.6919126161531287,-0.9369814684936247,1.038230262476527,1.6925525987445438,-0.6605041325807084,-0.5097475058154178,-0.3648896763690086,1.8232729703268034,-0.818624540181307
0.7288734890391997,-1.5847034241635305,0.842489030617977,-1.2331896203258939,-0.4698541244269426,-1.2817912466139976,-0.9954426471309342,-0.1382327032752274,0.8864052604279182,-0.780805960329528,1.6870547845739468,-0.6919126161531287,-0.9369814684936247,-0.9631774724179828,-0.5908235884319065,-0.6605041325807084,-0.5097475058154178,-0.3648896763690086,-0.5484642268462742,-0.818624540181307
0.9632841676293379,-0.909030226664061,0.5892214701766204,0.9398357110244093,0.5590748782667496,-0.39965239555762294,0.34048151087059936,-0.1382327032752274,-1.1281521496355325,-0.780805960329528,-0.5927489783638191,1.4452692098024813,1.0672569667868559,1.038230262476527,-0.5908235884319065,-0.6605041325807084,1.9617555526835775,-0.3648896763690086,1.8232729703268034,-0.818624540181307
0.333138351039118,-0.5995403026374807,-0.7379502068420521,-2.2323001601275454,-1.0850008425249915,-1.4263909300747035,-0.2993689424590001,-0.1382327032752274,0.8864052604279182,-0.780805960329528,-0.5927489783638191,1.4452692098024813,1.0672569667868559,1.038230262476527,-0.5908235884319065,-0.6605041325807084,-0.5097475058154178,-0.3648896763690086,-0.5484642268462742,1.2215612297409535
0.12457523776880425,-0.4145898675585342,-0.1693397034982243,0.6623941004534845,-0.01426108633557636,0.22075295024026587,0.02622836442971557,-0.1382327032752274,-1.1281521496355325,1.280727928329292,-0.5927489783638191,1.4452692098024813,-0.9369814684936247,1.038230262476527,-0.5908235884319065,-0.6605041325807084,1.9617555526835775,-0.3648896763690086,1.8232729703268034,-0.818624540181307
-0.3068117144655195,-0.7398795774963808,-0.6063503960244847,-1.0760261646267568,-1.1051853442125845,-0.26393872616433467,-1.1603310143419998,-0.1382327032752274,0.8864052604279182,-0.780805960329528,-0.5927489783638191,-0.6919126161531287,1.0672569667868559,1.038230262476527,1.6925525987445438,-0.6605041325807084,-0.5097475058154178,-0.3648896763690086,1.8232729703268034,-0.818624540181307
0.16290093807061332,-0.43782484683980893,-0.9390744460160696,-1.80410992878398,-1.0427095056557523,-1.056409617085857,-0.3259381603499799,-0.1382327032752274,-1.1281521496355325,-0.780805960329528,-0.5927489783638191,1.4452692098024813,1.0672569667868559,-0.9631774724179828,-0.5908235884319065,-0.6605041325807084,-0.5097475058154178,-0.3648896763690086,-0.5484642268462742,1.2215612297409535
-0.37722404757814665,0.23320135480340645,-0.09857376749255047,0.3368412279338448,-0.02002808681774306,0.5115679560830266,-0.6870606012727042,-0.1382327032752274,-1.1281521496355325,1.280727928329292,1.6870547845739468,-0.6919126161531287,1.0672569667868559,1.038230262476527,-0.5908235884319065,1.5139950693310888,-0.5097475058154178,-0.3648896763690086,-0.5484642268462742,-0.818624540181307
-1.6357330900468754,0.9079451531316244,0.8400060153195328,1.1338844675508928,0.25246268596475047,2.053695306510332,0.869676644744129,-0.1382327032752274,0.8864052604279182,1.280727928329292,-0.5927489783638191,-0.6919126161531287,1.0672569667868559,1.038230262476527,-0.5908235884319065,-0.6605041325807084,1.9617555526835775,-0.3648896763690086,-0.5484642268462742,1.2215612297409535
0.10764062600753968,-0.041900799886887365,-1.4021567991759991,0.8997429927338133,-0.23677118827260507,0.35565880017287993,0.12633560487288453,-0.1382327032752274,0.8864052604279182,-0.780805960329528,-0.5927489783638191,-0.6919126161531287,1.0672569667868559,-0.9631774724179828,-0.5908235884319065,-0.6605041325807084,1.9617555526835775,-0.3648896763690086,-0.5484642268462742,1.2215612297409535
-0.7622636413079561,-0.6348574711450187,-1.258141911866209,-0.6895323603054122,-1.4329432049492015,0.343541508262765,-1.8841680590573189,-0.1382327032752274,-1.1281521496355325,1.280727928329292,-0.5927489783638191,-0.6919126161531287,-0.9369814684936247,1.038230262476527,1.6925525987445438,-0.6605041325807084,-0.5097475058154178,-0.3648896763690086,-0.5484642268462742,-0.818624540181307
1.3634757824086994,-1.7696538592424775,-0.35308283558312903,-1.2652637949583698,-0.695728309978571,-1.8731150918276098,-1.5518040599716485,-0.1382327032752274,-1.1281521496355325,1.280727928329292,1.6870547845739468,-0.6919126161531287,1.0672569667868559,1.038230262476527,-0.5908235884319065,-0.6605041325807084,-0.5097475058154178,-0.3648896763690086,-0.5484642268462742,-0.818624540181307
-0.6125260215241414,0.2833889100509592,0.294984157310929,1.5765080774790734,0.4028852818746667,1.3492767368023124,-0.45729159711437584,-0.1382327032752274,0.8864052604279182,-0.780805960329528,1.6870547845739468,-0.6919126161531287,-0.9369814684936247,1.038230262476527,-0.5908235884319065,-0.6605041325807084,-0.5097475058154178,2.7405543778353203,-0.5484642268462742,-0.818624540181307
-0.40574549896553996,-0.0586299849694045,-0.06629456861277097,0.05458849116804941,-0.2583974400807391,0.3952419537459225,-0.6566104863864111,-0.1382327032752274,0.8864052604279182,1.280727928329292,-0.5927489783638191,-0.6919126161531287,1.0672569667868559,-0.9631774724179828,-0.5908235884319065,1.5139950693310888,-0.5097475058154178,-0.3648896763690086,-0.5484642268462742,-0.818624540181307
1.7333633550889567,1.8745202912326546,0.23166726720058942,0.11232200550650753,2.027257084352327,-1.5144432512882058,2.4146716895956617,-0.1382327032752274,0.8864052604279182,1.280727928329292,-0.5927489783638191,-0.6919126161531287,-0.9369814684936247,1.038230262476527,-0.5908235884319065,1.5139950693310888,-0.5097475058154178,-0.3648896763690086,-0.5484642268462742,1.2215612297409535
-1.3861703904071843,-0.9136772225203157,-1.9037258894618219,0.09468120945864539,-1.92842466304224,1.3040388470045494,-1.7989873455191956,-0.1382327032752274,0.8864052604279182,1.280727928329292,-0.5927489783638191,-0.6919126161531287,-0.9369814684936247,1.038230262476527,-0.5908235884319065,1.5139950693310888,-0.5097475058154178,-0.3648896763690086,1.8232729703268034,-0.818624540181307
0.5728968017643926,-2.3174184957985315,1.0684434227764406,-1.0872521257481238,-0.8016368709167404,-1.0669112700746242,0.11543924023220192,-0.1382327032752274,-1.1281521496355325,-0.780805960329528,-0.5927489783638191,1.4452692098024813,-0.9369814684936247,-0.9631774724179828,1.6925525987445438,-0.6605041325807084,-0.5097475058154178,-0.3648896763690086,-0.5484642268462742,1.2215612297409535
-0.44852767604662963,-0.2119808482258184,-0.0004946632039872346,0.32721897554410145,-0.25359160634559696,0.571346596172927,0.5730368000512005,-0.1382327032752274,0.8864052604279182,-0.780805960329528,-0.5927489783638191,1.4452692098024813,1.0672569667868559,1.038230262476527,-0.5908235884319065,1.5139950693310888,-0.5097475058154178,-0.3648896763690086,-0.5484642268462742,1.2215612297409535
-1.1366076907674934,0.21833096806339092,0.19318053007469682,-0.2789829250097089,-0.5087813776815836,0.8896274636786159,-0.7795055579046183,-0.1382327032752274,0.8864052604279182,1.280727928329292,-0.5927489783638191,-0.6919126161531287,-0.9369814684936247,-0.9631774724179828,-0.5908235884319065,1.5139950693310888,-0.5097475058154178,-0.3648896763690086,-0.5484642268462742,-0.818624540181307
0.4855498568905003,1.0380610371067636,-0.1407850275661102,-0.0063524406336568995,0.7421771435756196,-0.4432746464340375,1.4780818813937666,-0.1382327032752274,0.8864052604279182,1.280727928329292,-0.5927489783638191,-0.6919126161531287,1.0672569667868559,-0.9631774724179828,-0.5908235884319065,1.5139950693310888,-0.5097475058154178,-0.3648896763690086,-0.5484642268462742,1.2215612297409535
1.9214266751745812,-0.508459183854884,-0.32825268259868207,-0.9717850970712076,0.3548269445232565,-2.2309791129063408,0.5990089568659813,-0.1382327032752274,-1.1281521496355325,-0.780805960329528,-0.5927489783638191,-0.6919126161531287,-0.9369814684936247,-0.9631774724179828,1.6925525987445438,-0.6605041325807084,-0.5097475058154178,-0.3648896763690086,-0.5484642268462742,1.2215612297409535
-0.7462203249025474,-0.8941598399240448,-1.2233796976879836,1.6823528537662462,-0.8341363215506307,1.5237657403079685,0.08752663491976588,-0.1382327032752274,0.8864052604279182,-0.780805960329528,1.6870547845739468,-0.6919126161531287,-0.9369814684936247,-0.9631774724179828,-0.5908235884319065,-0.6605041325807084,-0.5097475058154178,2.7405543778353203,-0.5484642268462742,1.2215612297409535
0.15844446129133335,0.5919494349062886,0.44148205991916323,0.7987093426415122,0.8017694818913687,0.25872046489196066,1.417579692338653,-0.1382327032752274,0.8864052604279182,1.280727928329292,-0.5927489783638191,-0.6919126161531287,1.0672569667868559,1.038230262476527,-0.5908235884319065,-0.6605041325807084,1.9617555526835775,-0.3648896763690086,-0.5484642268462742,1.2215612297409535
0.12814041919222768,0.6291254017563274,-0.42881480218569124,-0.3495461092011575,0.12366634186297096,-0.2922124072879359,0.8452966507992244,-0.1382327032752274,-1.1281521496355325,1.280727928329292,-0.5927489783638191,-0.6919126161531287,1.0672569667868559,-0.9631774724179828,-0.5908235884319065,1.5139950693310888,-0.5097475058154178,-0.3648896763690086,-0.5484642268462742,1.2215612297409535
1.0203270704041245,0.8521812028565655,2.3422302708785536,1.1002065841867932,2.2271797677341945,-0.3705708949733469,2.8290320764797117,-0.1382327032752274,-1.1281521496355325,1.280727928329292,-0.5927489783638191,-0.6919126161531287,-0.9369814684936247,-0.9631774724179828,-0.5908235884319065,-0.6605041325807084,1.9617555526835775,-0.3648896763690086,-0.5484642268462742,1.2215612297409535
1.0533049985707983,-1.0911924642292545,-0.4226072639395799,-1.2011154456934166,-0.5198347952724087,-1.5596811410859688,-0.45918229052234877,-0.1382327032752274,0.8864052604279182,-0.780805960329528,-0.5927489783638191,1.4452692098024813,1.0672569667868559,-0.9631774724179828,-0.5908235884319065,-0.6605041325807084,-0.5097475058154178,-0.3648896763690086,-0.5484642268462742,1.2215612297409535
0.7083736958545104,1.4246910923471752,1.1615564964681153,1.0585101571645725,1.8854849891656678,-0.10883738971486273,0.9191332038895103,-0.1382327032752274,0.8864052604279182,-0.780805960329528,-0.5927489783638191,-0.6919126161531287,1.0672569667868559,-0.9631774724179828,-0.5908235884319065,-0.6605041325807084,1.9617555526835775,-0.3648896763690086,-0.5484642268462742,-0.818624540181307
0.988240437593307,-0.886724646554037,0.6140516231610674,-0.7841511754712182,0.07704975463210453,-1.2906772606814148,-0.7589069507756538,-0.1382327032752274,0.8864052604279182,1.280727928329292,-0.5927489783638191,-0.6919126161531287,-0.9369814684936247,1.038230262476527,1.6925525987445438,-0.6605041325807084,-0.5097475058154178,-0.3648896763690086,-0.5484642268462742,-0.818624540181307
1.4659747483321446,0.7592412857314665,0.3558180321228226,0.025721733998820346,1.3284888592628255,-1.3157196639623192,0.562190190500203,-0.1382327032752274,-1.1281521496355325,-0.780805960329528,-0.5927489783638191,1.4452692098024813,1.0672569667868559,1.038230262476527,-0.5908235884319065,1.5139950693310888,-0.5097475058154178,-0.3648896763690086,-0.5484642268462742,-0.818624540181307
0.17983554983187788,-0.5409881548486688,-0.32825268259868207,-1.9035398701446586,-0.8802723254079862,-1.1218429934004783,0.07299814873219002,-0.1382327032752274,0.8864052604279182,-0.780805960329528,-0.5927489783638191,1.4452692098024813,1.0672569667868559,1.038230262476527,-0.5908235884319065,-0.6605041325807084,-0.5097475058154178,-0.3648896763690086,-0.5484642268462742,1.2215612297409535
-2.220422843488438,-0.7482441700376393,0.07151278045090781,0.03855140385181079,-1.5449191309779875,2.031884181072125,-1.7194787122049897,-0.1382327032752274,-1.1281521496355325,-0.780805960329528,-0.5927489783638191,-0.6919126161531287,-0.9369814684936247,-0.9631774724179828,-0.5908235884319065,1.5139950693310888,-0.5097475058154178,-0.3648896763690086,-0.5484642268462742,-0.818624540181307
0.7110475819220786,0.7276417139089325,1.3080543990763513,0.5469270717765682,1.4298919510743016,-0.3689552560519985,0.38446501015079954,-0.1382327032752274,-1.1281521496355325,-0.780805960329528,-0.5927489783638191,1.4452692098024813,1.0672569667868559,-0.9631774724179828,-0.5908235884319065,-0.6605041325807084,1.9617555526835775,-0.3648896763690086,-0.5484642268462742,-0.818624540181307
0.8224595014040836,-0.36626111065348244,-0.9999083208279641,0.8756873617594548,0.1294333423451404,-0.304329699198052,0.4445691584884462,-0.1382327032752274,0.8864052604279182,1.280727928329292,-0.5927489783638191,-0.6919126161531287,-0.9369814684936247,-0.9631774724179828,-0.5908235884319065,-0.6605041325807084,1.9617555526835775,-0.3648896763690086,-0.5484642268462742,1.2215612297409535
-0.11874839437989511,-0.8923010415815431,-1.4394020286526694,-0.18436410984390297,-1.1378650136115451,0.014758987768310628,-0.41460173016594953,-0.1382327032752274,0.8864052604279182,-0.780805960329528,1.6870547845739468,-0.6919126161531287,1.0672569667868559,1.038230262476527,-0.5908235884319065,1.5139950693310888,-0.5097475058154178,-0.3648896763690086,-0.5484642268462742,1.2215612297409535
-0.31750725873579183,0.4116459956835967,-0.13706050461844305,-1.8570323169275675,-0.5678931326238189,-0.6476529699846445,-0.38793300209559944,-0.1382327032752274,-1.1281521496355325,-0.780805960329528,-0.5927489783638191,1.4452692098024813,1.0672569667868559,1.038230262476527,-0.5908235884319065,-0.6605041325807084,-0.5097475058154178,-0.3648896763690086,1.8232729703268034,-0.818624540181307
-1.401322411456737,-0.04747719491439351,0.702198666255854,-0.8082068064455766,-0.750514814559178,0.8629694214763625,-0.42017430021049806,-0.1382327032752274,0.8864052604279182,-0.780805960329528,-0.5927489783638191,1.4452692098024813,1.0672569667868559,-0.9631774724179828,1.6925525987445438,-0.6605041325807084,-0.5097475058154178,-0.3648896763690086,1.8232729703268034,-0.818624540181307
0.34205130459767785,-1.1906381755531104,0.5246630724170597,1.0569064484329502,0.08858375559644341,0.22236858916161534,-0.3352921172104742,-0.1382327032752274,-1.1281521496355325,-0.780805960329528,1.6870547845739468,-0.6919126161531287,1.0672569667868559,1.038230262476527,-0.5908235884319065,-0.6605041325807084,1.9617555526835775,-0.3648896763690086,-0.5484642268462742,-0.818624540181307
0.13437948668322064,0.7992054500952598,0.20435409891769823,0.9173837887816755,0.8397355683989837,0.34031023042006775,0.29192054333951944,-0.1382327032752274,-1.1281521496355325,-0.780805960329528,1.6870547845739468,-0.6919126161531287,1.0672569667868559,1.038230262476527,-0.5908235884319065,-0.6605041325807084,1.9617555526835775,-0.3648896763690086,-0.5484642268462742,-0.818624540181307
-0.40218031754211586,-1.3030954752744803,-0.04146441562832398,-0.08012304228835251,-0.9307335796269673,0.3241538412065814,-1.3854230400700782,-0.1382327032752274,-1.1281521496355325,-0.780805960329528,-0.5927489783638191,1.4452692098024813,-0.9369814684936247,1.038230262476527,-0.5908235884319065,1.5139950693310888,-0.5097475058154178,-0.3648896763690086,-0.5484642268462742,-0.818624540181307
0.4855498568905003,-0.3560377197697216,-0.016634262643876987,-0.2725680900832137,-0.01041641934746158,-0.5773726769059768,0.607566832291539,-0.1382327032752274,-1.1281521496355325,-0.780805960329528,-0.5927489783638191,-0.6919126161531287,-0.9369814684936247,-0.9631774724179828,-0.5908235884319065,1.5139950693310888,-0.5097475058154178,-0.3648896763690086,-0.5484642268462742,1.2215612297409535
0.8634590877734609,1.177470912794412,0.17331640768713993,1.5139634369457435,1.5952126315631523,-0.019977249040685183,0.7477766750195948,-0.1382327032752274,0.8864052604279182,1.280727928329292,-0.5927489783638191,-0.6919126161531287,1.0672569667868559,-0.9631774724179828,-0.5908235884319065,-0.6605041325807084,-0.5097475058154178,2.7405543778353203,-0.5484642268462742,-0.818624540181307
-0.285420625924975,-0.3402379338584546,-0.14326804286455436,-1.0840447082848768,-0.7101458111839933,-0.28736549052389027,-0.9253874808565915,-0.1382327032752274,-1.1281521496355325,-0.780805960329528,-0.5927489783638191,1.4452692098024813,-0.9369814684936247,-0.9631774724179828,1.6925525987445438,-0.6605041325807084,-0.5097475058154178,-0.3648896763690086,-0.5484642268462742,-0.818624540181307
0.03990217896248016,0.8521812028565655,0.9765718567339886,0.22297790798855324,0.9070172406909595,0.07615326677956051,1.138553149393674,-0.1382327032752274,0.8864052604279182,1.280727928329292,-0.5927489783638191,-0.6919126161531287,-0.9369814684936247,-0.9631774724179828,-0.5908235884319065,1.5139950693310888,-0.5097475058154178,-0.3648896763690086,-0.5484642268462742,1.2215612297409535
-1.5332341241234309,-1.5586802473685026,1.015058593859881,1.1611475159884983,-0.8918063263723236,1.9745289993642474,0.20713787051886304,-0.1382327032752274,0.8864052604279182,-0.780805960329528,1.6870547845739468,-0.6919126161531287,-0.9369814684936247,-0.9631774724179828,-0.5908235884319065,-0.6605041325807084,1.9617555526835775,-0.3648896763690086,-0.5484642268462742,1.2215612297409535
-1.495799719177477,0.6681601669488691,-0.7640218674757212,0.06260703482616929,-0.7380196468478117,1.387244251454006,-1.006388766861302,-0.1382327032752274,-1.1281521496355325,-0.780805960329528,1.6870547845739468,-0.6919126161531287,-0.9369814684936247,-0.9631774724179828,-0.5908235884319065,1.5139950693310888,-0.5097475058154178,-0.3648896763690086,-0.5484642268462742,-0.818624540181307
0.2698563807733384,-0.26960359684337953,0.10751650227835621,-0.1298380129686919,0.00880691559310138,-0.30998443542277176,0.6467738429621245,-0.1382327032752274,-1.1281521496355325,-0.780805960329528,1.6870547845739468,-0.6919126161531287,1.0672569667868559,-0.9631774724179828,-0.5908235884319065,1.5139950693310888,-0.5097475058154178,-0.3648896763690086,-0.5484642268462742,1.2215612297409535
0.8705894506203091,0.3995638064573329,-0.5591731053540357,-0.02399323668151904,0.4523853693466178,-0.8011386675127674,0.6651832261450108,-0.1382327032752274,-1.1281521496355325,1.280727928329292,-0.5927489783638191,-0.6919126161531287,-0.9369814684936247,1.038230262476527,-0.5908235884319065,1.5139950693310888,-0.5097475058154178,-0.3648896763690086,-0.5484642268462742,1.2215612297409535
-0.9797397081368298,1.007390864455481,-1.9695257948706049,1.3167072629560106,-0.3751791998446633,1.5512316019708956,-0.09189021847887278,-0.1382327032752274,-1.1281521496355325,1.280727928329292,-0.5927489783638191,-0.6919126161531287,-0.9369814684936247,-0.9631774724179828,-0.5908235884319065,-0.6605041325807084,-0.5097475058154178,2.7405543778353203,-0.5484642268462742,1.2215612297409535
0.23420456653909755,2.286244124096844,-0.5504825518094794,-0.2805866337413324,1.0113038327435175,-0.35360668629918635,0.6553317183876821,-0.1382327032752274,-1.1281521496355325,-0.780805960329528,-0.5927489783638191,-0.6919126161531287,1.0672569667868559,-0.9631774724179828,-0.5908235884319065,1.5139950693310888,-0.5097475058154178,-0.3648896763690086,1.8232729703268034,-0.818624540181307
-0.22035606494748375,0.016651347901925913,-2.1545104346047323,-0.19879748842851694,-1.0037822524011084,0.09958003113911616,-1.1006249067218188,-0.1382327032752274,0.8864052604279182,-0.780805960329528,-0.5927489783638191,-0.6919126161531287,-0.9369814684936247,1.038230262476527,-0.5908235884319065,1.5139950693310888,-0.5097475058154178,-0.3648896763690086,1.8232729703268034,-0.818624540181307
-0.3513764822583216,0.14583783270581357,0.700957158606631,2.700707898347386,0.9666095790067057,1.6788670767574416,0.17061763469118707,-0.1382327032752274,-1.1281521496355325,-0.780805960329528,-0.5927489783638191,-0.6919126161531287,1.0672569667868559,1.038230262476527,-0.5908235884319065,-0.6605041325807084,-0.5097475058154178,2.7405543778353203,-0.5484642268462742,-0.818624540181307
1.0087402307779962,-0.9685117736241243,0.5494932254015067,0.26307062627914923,0.3346424428356635,-0.7817510004565839,0.8210161670336844,-0.1382327032752274,-1.1281521496355325,-0.780805960329528,-0.5927489783638191,1.4452692098024813,1.0672569667868559,1.038230262476527,-0.5908235884319065,1.5139950693310888,-0.5097475058154178,-0.3648896763690086,-0.5484642268462742,1.2215612297409535
0.3964203213048963,-0.6348574711450187,0.3558180321228226,-0.6093469237242202,-0.1593972651368341,-0.666232817580154,-0.8094581218940741,-0.1382327032752274,-1.1281521496355325,-0.780805960329528,-0.5927489783638191,-0.6919126161531287,-0.9369814684936247,1.038230262476527,1.6925525987445438,-0.6605041325807084,-0.5097475058154178,-0.3648896763690086,-0.5484642268462742,-0.818624540181307
-0.6731341057223521,-0.3560377197697216,-1.258141911866209,-0.8932033692216391,-1.3017439439798522,0.1601664906896913,-0.7903521674556157,-0.1382327032752274,-1.1281521496355325,-0.780805960329528,1.6870547845739468,-0.6919126161531287,1.0672569667868559,1.038230262476527,1.6925525987445438,-0.6605041325807084,-0.5097475058154178,-0.3648896763690086,-0.5484642268462742,1.2215612297409535
0.24400881545351394,1.883814282945164,-1.3760851385423307,0.5485307805081928,0.7373713098404803,0.05514996080202739,1.129000172174445,-0.1382327032752274,0.8864052604279182,1.280727928329292,-0.5927489783638191,-0.6919126161531287,-0.9369814684936247,1.038230262476527,-0.5908235884319065,-0.6605041325807084,1.9617555526835775,-0.3648896763690086,-0.5484642268462742,1.2215612297409535
0.7850250964581298,1.1979176945619336,-0.9192103236285127,0.7810685465936477,0.9209541585228667,-0.3180626300295158,1.477783350855667,-0.1382327032752274,0.8864052604279182,-0.780805960329528,-0.5927489783638191,1.4452692098024813,-0.9369814684936247,1.038230262476527,-0.5908235884319065,-0.6605041325807084,1.9617555526835775,-0.3648896763690086,-0.5484642268462742,1.2215612297409535
0.21281347799855177,-0.18316947391703747,-0.5740711971447042,0.09147379199539836,-0.17477593308928502,-0.14680490436655583,0.8950517404827052,-0.1382327032752274,-1.1281521496355325,-0.780805960329528,-0.5927489783638191,1.4452692098024813,1.0672569667868559,-0.9631774724179828,-0.5908235884319065,1.5139950693310888,-0.5097475058154178,-0.3648896763690086,-0.5484642268462742,1.2215612297409535
-0.31661596337993597,0.619831410043818,0.8524210918117554,-0.8819774081002723,0.2154577662041655,-0.1573065573553224,-0.5188883981425285,-0.1382327032752274,-1.1281521496355325,1.280727928329292,-0.5927489783638191,-0.6919126161531287,-0.9369814684936247,1.038230262476527,1.6925525987445438,-0.6605041325807084,-0.5097475058154178,-0.3648896763690086,-0.5484642268462742,-0.818624540181307
-0.5626134815962028,1.469302252567223,1.5451823600778163,-1.8826916566335483,0.49035145585423007,-0.43842772966999133,0.47083984584132654,-0.1382327032752274,0.8864052604279182,-0.780805960329528,-0.5927489783638191,1.4452692098024813,-0.9369814684936247,-0.9631774724179828,-0.5908235884319065,-0.6605041325807084,-0.5097475058154178,-0.3648896763690086,1.8232729703268034,-0.818624540181307
0.8723720413320221,0.46555114761615396,-1.6293526989836864,-0.2469087503772328,0.00640399872553306,-0.9150412114678496,0.07329667927029233,-0.1382327032752274,0.8864052604279182,1.280727928329292,-0.5927489783638191,1.4452692098024813,-0.9369814684936247,1.038230262476527,-0.5908235884319065,1.5139950693310888,-0.5097475058154178,-0.3648896763690086,-0.5484642268462742,1.2215612297409535
1.2966286307194965,0.5770790481662731,-0.5852447659877048,1.148317846135508,1.1151098414225646,-0.5967603439621605,0.299881357688878,-0.1382327032752274,-1.1281521496355325,1.280727928329292,-0.5927489783638191,1.4452692098024813,1.0672569667868559,1.038230262476527,-0.5908235884319065,-0.6605041325807084,1.9617555526835775,-0.3648896763690086,-0.5484642268462742,-0.818624540181307
-0.29433357948353495,-1.559609646539754,1.9561213919704086,1.9357388333628125,0.3721279459697621,1.2418367485326254,0.9383386685073389,-0.1382327032752274,0.8864052604279182,-0.780805960329528,-0.5927489783638191,-0.6919126161531287,-0.9369814684936247,1.038230262476527,-0.5908235884319065,-0.6605041325807084,-0.5097475058154178,2.7405543778353203,-0.5484642268462742,1.2215612297409535
-0.042988289132132186,1.156094731855639,-1.6591488825650218,-0.5163318172900377,-0.22235368706718148,-0.2211242947485948,-0.13458008542730188,-0.1382327032752274,0.8864052604279182,1.280727928329292,-0.5927489783638191,-0.6919126161531287,1.0672569667868559,1.038230262476527,1.6925525987445438,-0.6605041325807084,-0.5097475058154178,-0.3648896763690086,-0.5484642268462742,1.2215612297409535
1.3893233477285252,-0.35975531645472547,-0.5802787353908155,1.9373425420944372,0.919031825028812,-0.28332639322051884,0.27878519966307924,-0.1382327032752274,0.8864052604279182,1.280727928329292,-0.5927489783638191,1.4452692098024813,1.0672569667868559,-0.9631774724179828,-0.5908235884319065,-0.6605041325807084,-0.5097475058154178,2.7405543778353203,1.8232729703268034,-0.818624540181307
-0.20966052067721086,-0.5047415871698802,-0.16561518055055718,-0.7793400492763464,-0.671699141302866,-0.20254444715308534,0.3006774391238147,-0.1382327032752274,0.8864052604279182,1.280727928329292,-0.5927489783638191,-0.6919126161531287,1.0672569667868559,-0.9631774724179828,1.6925525987445438,-0.6605041325807084,-0.5097475058154178,-0.3648896763690086,-0.5484642268462742,1.2215612297409535
-0.10270507797448578,0.2740949183384498,0.8871833059899809,-0.6863249428421639,0.22410826692741967,-0.2526292537148945,0.6780200392833515,-0.1382327032752274,-1.1281521496355325,1.280727928329292,-0.5927489783638191,1.4452692098024813,-0.9369814684936247,-0.9631774724179828,1.6925525987445438,-0.6605041325807084,-0.5097475058154178,-0.3648896763690086,-0.5484642268462742,1.2215612297409535
0.4810933801112203,-0.12554672529947566,1.481865469967477,-0.40407220607636857,0.6470216356198294,-0.639574775377901,0.4654662961555073,-0.1382327032752274,0.8864052604279182,-0.780805960329528,-0.5927489783638191,1.4452692098024813,1.0672569667868559,-0.9631774724179828,1.6925525987445438,-0.6605041325807084,-0.5097475058154178,-0.3648896763690086,1.8232729703268034,-0.818624540181307
0.3875073677463364,-1.156250406216824,0.033026043325017,-2.1296628013036196,-1.0143550866184188,-1.4239674716926805,-1.0727620564990679,-0.1382327032752274,0.8864052604279182,1.280727928329292,-0.5927489783638191,1.4452692098024813,-0.9369814684936247,1.038230262476527,-0.5908235884319065,-0.6605041325807084,-0.5097475058154178,-0.3648896763690086,1.8232729703268034,-0.818624540181307
0.8340463410302117,-1.1348742252780515,-0.5368259676680338,0.16203697618684693,-0.29636352658835136,-0.6743110121868968,-1.1746604801708422,-0.1382327032752274,0.8864052604279182,1.280727928329292,1.6870547845739468,-0.6919126161531287,1.0672569667868559,1.038230262476527,-0.5908235884319065,1.5139950693310888,-0.5097475058154178,-0.3648896763690086,-0.5484642268462742,-0.818624540181307
1.4659747483321446,0.5733614514812685,0.8524210918117554,1.784990212590172,1.9518054947106136,-0.4295417156025737,1.6357060055110428,7.234178138070234,-1.1281521496355325,1.280727928329292,-0.5927489783638191,-0.6919126161531287,-0.9369814684936247,-0.9631774724179828,-0.5908235884319065,-0.6605041325807084,-0.5097475058154178,2.7405543778353203,1.8232729703268034,-0.818624540181307
1.2993025167870647,-2.3174184957985315,0.8635946606547568,1.403307534463699,0.25708830093482354,-0.47074050809696405,-0.7100972077961581,-0.1382327032752274,-1.1281521496355325,1.280727928329292,1.6870547845739468,-0.6919126161531287,1.0672569667868559,1.038230262476527,-0.5908235884319065,-0.6605041325807084,-0.5097475058154178,2.7405543778353203,-0.5484642268462742,-0.818624540181307
1.3750626220348288,0.4739157401574132,2.2193210136055437,-1.4929904348489553,1.3981734484223696,-1.9983271082321328,1.684963544297695,-0.1382327032752274,-1.1281521496355325,-0.780805960329528,1.6870547845739468,-0.6919126161531287,-0.9369814684936247,-0.9631774724179828,-0.5908235884319065,-0.6605041325807084,-0.5097475058154178,-0.3648896763690086,-0.5484642268462742,1.2215612297409535
0.10674933065168318,-0.2008280581708061,0.5184555341709484,2.8833302301610506,1.0184525104245428,1.3556383150551234,0.45466944169419493,-0.1382327032752274,0.8864052604279182,1.280727928329292,-0.5927489783638191,1.4452692098024813,-0.9369814684936247,-0.9631774724179828,-0.5908235884319065,-0.6605041325807084,-0.5097475058154178,2.7405543778353203,-0.5484642268462742,-0.818624540181307
-1.5697772337135287,-0.7761261451751694,1.0076095479645468,-0.9830110581925745,-1.1522825148169673,0.9275949783303096,-1.1550569748355508,-0.1382327032752274,-1.1281521496355325,-0.780805960329528,-0.5927489783638191,-0.6919126161531287,1.0672569667868559,1.038230262476527,1.6925525987445438,-0.6605041325807084,-0.5097475058154178,-0.3648896763690086,-0.5484642268462742,-0.818624540181307
-0.22748642779433192,-0.18874586894454365,0.4178934145839392,-0.8434883985413009,-0.3112616111672886,-0.21870083636657225,-0.8407043182153011,-0.1382327032752274,0.8864052604279182,1.280727928329292,-0.5927489783638191,-0.6919126161531287,1.0672569667868559,-0.9631774724179828,1.6925525987445438,-0.6605041325807084,-0.5097475058154178,-0.3648896763690086,-0.5484642268462742,-0.818624540181307
0.16646611949403803,0.29918869596222614,-1.0756402874305262,1.7641419990790628,0.3567492780173112,0.7377574050718407,0.41501463521645726,-0.1382327032752274,0.8864052604279182,1.280727928329292,1.6870547845739468,-0.6919126161531287,-0.9369814684936247,-0.9631774724179828,-0.5908235884319065,-0.6605041325807084,-0.5097475058154178,2.7405543778353203,-0.5484642268462742,1.2215612297409535
0.7975032314401144,2.3342243563126774,1.5799445742560418,1.8940424063405943,2.816194764897416,0.231254603229033,3.376188797728984,7.234178138070234,0.8864052604279182,-0.780805960329528,-0.5927489783638191,1.4452692098024813,-0.9369814684936247,-0.9631774724179828,-0.5908235884319065,-0.6605041325807084,-0.5097475058154178,2.7405543778353203,-0.5484642268462742,1.2215612297409535
-0.1695522296636888,1.0287670453942541,-1.7919902010318114,0.6431495956739977,-0.060397090192929104,0.47763953873470383,-0.8961314881227006,-0.1382327032752274,0.8864052604279182,1.280727928329292,1.6870547845739468,-0.6919126161531287,1.0672569667868559,-0.9631774724179828,-0.5908235884319065,-0.6605041325807084,1.9617555526835775,-0.3648896763690086,-0.5484642268462742,-0.818624540181307
-1.6508851110964282,-0.5530703440749313,-0.6423541178519322,1.8443274356602548,-0.8721024080582457,2.425292258420527,-0.2011523954238012,-0.1382327032752274,0.8864052604279182,1.280727928329292,1.6870547845739468,-0.6919126161531287,-0.9369814684936247,1.038230262476527,-0.5908235884319065,-0.6605041325807084,-0.5097475058154178,2.7405543778353203,-0.5484642268462742,1.2215612297409535
0.5675490296292561,0.7322887097651872,1.916393147195293,-2.153718432277977,0.781104396830262,-1.5992642946590108,0.5726387593337335,-0.1382327032752274,-1.1281521496355325,-0.780805960329528,-0.5927489783638191,1.4452692098024813,1.0672569667868559,-0.9631774724179828,-0.5908235884319065,-0.6605041325807084,-0.5097475058154178,-0.3648896763690086,1.8232729703268034,-0.818624540181307
-0.8513931768935601,-2.3174184957985315,-0.8856896170995093,-0.5435948657276422,-2.1631295680821903,0.49783502525156337,-1.732663810971112,-0.1382327032752274,0.8864052604279182,-0.780805960329528,-0.5927489783638191,-0.6919126161531287,-0.9369814684936247,1.038230262476527,1.6925525987445438,-0.6605041325807084,-0.5097475058154178,-0.3648896763690086,1.8232729703268034,-0.818624540181307
1.0497398171473737,-0.322579349604686,-1.0532931497445244,0.12996280155436968,0.030433167401238127,-0.885959710883573,0.48417420987649873,-0.1382327032752274,0.8864052604279182,-0.780805960329528,1.6870547845739468,-0.6919126161531287,-0.9369814684936247,1.038230262476527,-0.5908235884319065,1.5139950693310888,-0.5097475058154178,-0.3648896763690086,-0.5484642268462742,1.2215612297409535
-0.9485443706818688,1.0928955882105722,0.9765718567339886,-0.3607720703225244,0.32358902524483835,0.6779787649819403,0.7306609241684767,-0.1382327032752274,0.8864052604279182,1.280727928329292,-0.5927489783638191,-0.6919126161531287,-0.9369814684936247,1.038230262476527,1.6925525987445438,-0.6605041325807084,-0.5097475058154178,-0.3648896763690086,-0.5484642268462742,1.2215612297409535
0.05772808607960122,0.5547734680562484,0.057856196309462225,1.3872704471474593,0.7561140614075296,0.6464738060156401,1.5748057757384595,-0.1382327032752274,0.8864052604279182,1.280727928329292,-0.5927489783638191,-0.6919126161531287,1.0672569667868559,-0.9631774724179828,-0.5908235884319065,-0.6605041325807084,-0.5097475058154178,2.7405543778353203,-0.5484642268462742,1.2215612297409535
0.371464051340927,1.4702316517384744,0.06902976515246363,-0.3174719345686814,0.8921191561120195,-0.4965907308385434,0.6805077937675235,-0.1382327032752274,-1.1281521496355325,-0.780805960329528,-0.5927489783638191,-0.6919126161531287,1.0672569667868559,1.038230262476527,-0.5908235884319065,1.5139950693310888,-0.5097475058154178,-0.3648896763690086,1.8232729703268034,-0.818624540181307
-1.0038046827449432,-0.16644028883451903,1.6134652807850443,-0.8803736993686487,-0.2665673574304768,0.46633006628526424,-0.4404743768013601,-0.1382327032752274,0.8864052604279182,-0.780805960329528,-0.5927489783638191,-0.6919126161531287,1.0672569667868559,1.038230262476527,1.6925525987445438,-0.6605041325807084,-0.5097475058154178,-0.3648896763690086,-0.5484642268462742,-0.818624540181307
1.0203270704041245,0.8521812028565655,-0.06629456861277097,-1.0792335820900052,0.6417352185111737,-1.4683975420297686,-0.14990465304981446,-0.1382327032752274,-1.1281521496355325,-0.780805960329528,-0.5927489783638191,1.4452692098024813,-0.9369814684936247,1.038230262476527,1.6925525987445438,-0.6605041325807084,-0.5097475058154178,-0.3648896763690086,-0.5484642268462742,-0.818624540181307
-0.6668950382313598,1.7258164238324967,-1.926073027147824,-0.9798036407293264,-0.5063784608140138,0.1108895035885569,-0.16274146618815513,-0.1382327032752274,-1.1281521496355325,-0.780805960329528,1.6870547845739468,-0.6919126161531287,-0.9369814684936247,-0.9631774724179828,1.6925525987445438,-0.6605041325807084,-0.5097475058154178,-0.3648896763690086,-0.5484642268462742,1.2215612297409535
-0.4815056042133035,-1.1739089904705926,1.1826621265048953,-0.14106397409005883,-0.4511113728598933,0.3653526337009723,0.61542813646153,-0.1382327032752274,-1.1281521496355325,-0.780805960329528,-0.5927489783638191,-0.6919126161531287,-0.9369814684936247,-0.9631774724179828,-0.5908235884319065,1.5139950693310888,-0.5097475058154178,-0.3648896763690086,-0.5484642268462742,1.2215612297409535
-0.41376715716824464,0.4441749666773808,0.12117308641980179,-0.18917523603877354,-0.003207668744751153,0.27972377086949324,-0.03885129287628058,-0.1382327032752274,-1.1281521496355325,-0.780805960329528,-0.5927489783638191,1.4452692098024813,1.0672569667868559,1.038230262476527,-0.5908235884319065,1.5139950693310888,-0.5097475058154178,-0.3648896763690086,1.8232729703268034,-0.818624540181307
0.12903171454808418,-0.17015788551952357,-1.1339911469439758,-1.0263111939464187,-0.7649323157646002,-0.6339200391531805,-0.7039773317650873,-0.1382327032752274,0.8864052604279182,1.280727928329292,-0.5927489783638191,-0.6919126161531287,-0.9369814684936247,1.038230262476527,1.6925525987445438,-0.6605041325807084,-0.5097475058154178,-0.3648896763690086,1.8232729703268034,-0.818624540181307
-0.25779046989343757,-0.4638480236348361,0.7729646022615261,-0.048048867655876404,-0.09403792633891565,0.2094434777908257,0.13966996890805958,-0.1382327032752274,0.8864052604279182,-0.780805960329528,1.6870547845739468,-0.6919126161531287,1.0672569667868559,1.038230262476527,-0.5908235884319065,1.5139950693310888,-0.5097475058154178,-0.3648896763690086,-0.5484642268462742,1.2215612297409535
0.711938877277935,-0.15249930126575498,-1.6442507907743542,-0.028804362876389603,-0.3400966135781344,-0.6597702618947594,-0.45171902706982736,-0.1382327032752274,0.8864052604279182,-0.780805960329528,-0.5927489783638191,-0.6919126161531287,-0.9369814684936247,1.038230262476527,-0.5908235884319065,1.5139950693310888,-0.5097475058154178,-0.3648896763690086,1.8232729703268034,-0.818624540181307
-0.02605367737086636,-1.0066171396454147,0.0032298597436799022,0.4924009749013571,-0.38575203406197484,0.2716455762627486,-0.8176179566021647,-0.1382327032752274,0.8864052604279182,-0.780805960329528,-0.5927489783638191,1.4452692098024813,1.0672569667868559,-0.9631774724179828,-0.5908235884319065,-0.6605041325807084,1.9617555526835775,-0.3648896763690086,-0.5484642268462742,-0.818624540181307
1.6059081192015423,-0.04468899740064044,1.201284741243231,-0.23889020671911293,1.2362168515481173,-1.5758375302994545,0.8248970640289949,-0.1382327032752274,0.8864052604279182,-0.780805960329528,-0.5927489783638191,-0.6919126161531287,1.0672569667868559,-0.9631774724179828,-0.5908235884319065,1.5139950693310888,-0.5097475058154178,-0.3648896763690086,1.8232729703268034,-0.818624540181307
0.5746793924761043,-0.07721796839442456,-1.0098403820217425,-0.31586822583705787,-0.21562551983798198,-0.6799657484116177,-0.4082330786864615,-0.1382327032752274,-1.1281521496355325,1.280727928329292,-0.5927489783638191,-0.6919126161531287,-0.9369814684936247,1.038230262476527,-0.5908235884319065,1.5139950693310888,-0.5097475058154178,-0.3648896763690086,1.8232729703268034,-0.818624540181307
-0.3050291237538078,2.3342243563126774,-0.400260126253578,0.190903733356076,0.9448031084335055,0.37262300884704164,1.1063616063684605,-0.1382327032752274,0.8864052604279182,-0.780805960329528,-0.5927489783638191,-0.6919126161531287,-0.9369814684936247,-0.9631774724179828,-0.5908235884319065,1.5139950693310888,-0.5097475058154178,-0.3648896763690086,-0.5484642268462742,1.2215612297409535
-0.7462203249025474,-0.5772347225274574,0.15096927000113713,-0.6542507682096879,-0.8384615719122591,0.3467727861054623,-0.3360881986454109,-0.1382327032752274,-1.1281521496355325,-0.780805960329528,-0.5927489783638191,-0.6919126161531287,1.0672569667868559,1.038230262476527,1.6925525987445438,-0.6605041325807084,-0.5097475058154178,-0.3648896763690086,-0.5484642268462742,1.2215612297409535
-0.7907850926953494,-0.7463853716951377,0.6711609750252957,1.1338844675508928,-0.2127420195969,1.2878824577910626,-0.7467667088928839,-0.1382327032752274,-1.1281521496355325,-0.780805960329528,-0.5927489783638191,-0.6919126161531287,1.0672569667868559,-0.9631774724179828,-0.5908235884319065,-0.6605041325807084,1.9617555526835775,-0.3648896763690086,-0.5484642268462742,-0.818624540181307
1.2877156771609366,2.153340042607952,2.0939287410340874,1.8154606784910245,3.1623950125926346,-0.2526292537148945,2.9568031467868967,7.234178138070234,0.8864052604279182,1.280727928329292,-0.5927489783638191,-0.6919126161531287,-0.9369814684936247,1.038230262476527,-0.5908235884319065,-0.6605041325807084,-0.5097475058154178,2.7405543778353203,-0.5484642268462742,1.2215612297409535
1.1094566059897284,1.2239408713569615,0.7282703268895222,0.6158865472363944,1.6975768901216557,-0.6953143181644293,1.0087918754991487,-0.1382327032752274,0.8864052604279182,1.280727928329292,-0.5927489783638191,-0.6919126161531287,1.0672569667868559,-0.9631774724179828,-0.5908235884319065,-0.6605041325807084,1.9617555526835775,-0.3648896763690086,-0.5484642268462742,-0.818624540181307
0.4855498568905003,-0.8207373053952166,-1.258141911866209,-1.5330831531395515,-1.1090300112006979,-1.2123187729960043,-0.6008847859409107,-0.1382327032752274,0.8864052604279182,1.280727928329292,-0.5927489783638191,-0.6919126161531287,-0.9369814684936247,1.038230262476527,-0.5908235884319065,-0.6605041325807084,-0.5097475058154178,-0.3648896763690086,-0.5484642268462742,1.2215612297409535
-0.44763638069077377,0.02501594044318382,0.14848625470269294,0.17967777223470907,-0.11710592826759339,0.49621938633021445,-0.3230523651483382,-0.1382327032752274,0.8864052604279182,-0.780805960329528,-0.5927489783638191,-0.6919126161531287,1.0672569667868559,1.038230262476527,-0.5908235884319065,1.5139950693310888,-0.5097475058154178,-0.3648896763690086,1.8232729703268034,-0.818624540181307
-0.31928984944750416,2.3342243563126774,0.39554627689793637,-0.01116356682852746,1.1846142118170424,0.28376286817286467,0.9763018019358357,-0.1382327032752274,0.8864052604279182,-0.780805960329528,-0.5927489783638191,-0.6919126161531287,-0.9369814684936247,1.038230262476527,-0.5908235884319065,1.5139950693310888,-0.5097475058154178,-0.3648896763690086,1.8232729703268034,-0.818624540181307
-0.196291090339371,-0.7417383758388824,0.12365610171824597,-1.5699684539669003,-0.9119908280599167,-0.6129167331756474,-0.9501655155189658,-0.1382327032752274,-1.1281521496355325,1.280727928329292,-0.5927489783638191,-0.6919126161531287,1.0672569667868559,-0.9631774724179828,-0.5908235884319065,-0.6605041325807084,-0.5097475058154178,-0.3648896763690086,1.8232729703268034,-0.818624540181307
1.1985861415753325,0.10866186585577346,-0.26493579248834337,0.05779590863129759,0.6172254664619549,-1.0572174365465319,1.1871141169247539,-0.1382327032752274,0.8864052604279182,-0.780805960329528,-0.5927489783638191,1.4452692098024813,-0.9369814684936247,-0.9631774724179828,-0.5908235884319065,1.5139950693310888,-0.5097475058154178,-0.3648896763690086,-0.5484642268462742,1.2215612297409535
1.4107144362690698,1.599418136542362,-1.0756402874305262,1.6246193394277881,1.6581690534934996,-0.46023885510819806,1.6787939131769416,-0.1382327032752274,-1.1281521496355325,1.280727928329292,-0.5927489783638191,-0.6919126161531287,1.0672569667868559,-0.9631774724179828,-0.5908235884319065,-0.6605041325807084,-0.5097475058154178,2.7405543778353203,-0.5484642268462742,1.2215612297409535
0.3375948278183979,-1.2603431133969347,0.2987086802585961,1.5765080774790734,0.11837992475432065,0.488141191723471,-0.21995981932416012,-0.1382327032752274,-1.1281521496355325,-0.780805960329528,-0.5927489783638191,1.4452692098024813,1.0672569667868559,1.038230262476527,-0.5908235884319065,-0.6605041325807084,-0.5097475058154178,2.7405543778353203,-0.5484642268462742,-0.818624540181307
-0.2782902630781256,-1.4852577128396744,1.2819827384426814,-0.25332358530372806,-0.4977279600907597,0.12462243442001958,-0.08711372986925818,-0.1382327032752274,0.8864052604279182,1.280727928329292,1.6870547845739468,-0.6919126161531287,1.0672569667868559,-0.9631774724179828,-0.5908235884319065,1.5139950693310888,-0.5097475058154178,-0.3648896763690086,-0.5484642268462742,1.2215612297409535
-1.692775992821662,0.8949335647341105,0.6500553449885158,-0.33030160442167183,-0.2973246933353814,1.3678565843978219,-0.2819546610697797,-0.1382327032752274,-1.1281521496355325,1.280727928329292,1.6870547845739468,-0.6919126161531287,-0.9369814684936247,1.038230262476527,-0.5908235884319065,1.5139950693310888,-0.5097475058154178,-0.3648896763690086,1.8232729703268034,-0.818624540181307
-1.572451119781097,-0.9239006134040765,-0.4486789245732481,0.4474971304158894,-1.3651809492837133,1.6505933956338392,-1.594692947278811,-0.1382327032752274,0.8864052604279182,-0.780805960329528,-0.5927489783638191,1.4452692098024813,-0.9369814684936247,1.038230262476527,-0.5908235884319065,1.5139950693310888,-0.5097475058154178,-0.3648896763690086,-0.5484642268462742,-0.818624540181307
0.03990217896248016,-1.0066171396454147,0.23166726720058942,0.9414394197560316,-0.12719817911138853,0.43805638516166184,-0.05636508444486558,-0.1382327032752274,0.8864052604279182,-0.780805960329528,-0.5927489783638191,1.4452692098024813,-0.9369814684936247,1.038230262476527,-0.5908235884319065,-0.6605041325807084,1.9617555526835775,-0.3648896763690086,1.8232729703268034,-0.818624540181307
0.2734215621967631,0.23506015314590806,0.6935081127112968,0.36891540256632205,0.6479828023668595,-0.061983860995751434,0.21967615311909855,-0.1382327032752274,-1.1281521496355325,-0.780805960329528,-0.5927489783638191,-0.6919126161531287,1.0672569667868559,-0.9631774724179828,-0.5908235884319065,1.5139950693310888,-0.5097475058154178,-0.3648896763690086,-0.5484642268462742,-0.818624540181307
-0.26313824202857405,1.5799007539460905,0.6935081127112968,-0.39284624495500164,0.8257986505670737,0.04060921050988995,1.321253838711427,-0.1382327032752274,0.8864052604279182,1.280727928329292,-0.5927489783638191,-0.6919126161531287,-0.9369814684936247,-0.9631774724179828,1.6925525987445438,-0.6605041325807084,-0.5097475058154178,-0.3648896763690086,-0.5484642268462742,1.2215612297409535
-1.1410641675467732,-2.3174184957985315,-0.2773508689805669,-0.992633310582318,-2.218396656036312,0.5341869009819081,-2.2124023856992605,-0.1382327032752274,-1.1281521496355325,-0.780805960329528,-0.5927489783638191,-0.6919126161531287,1.0672569667868559,-0.9631774724179828,1.6925525987445438,-0.6605041325807084,-0.5097475058154178,-0.3648896763690086,-0.5484642268462742,-0.818624540181307
-1.3861703904071843,-1.3783768081458108,-1.382292676788442,-0.4618057204148267,-2.1336337635327616,1.0237254941505554,-1.927156456543849,-0.1382327032752274,-1.1281521496355325,-0.780805960329528,-0.5927489783638191,1.4452692098024813,-0.9369814684936247,1.038230262476527,1.6925525987445438,-0.6605041325807084,-0.5097475058154178,-0.3648896763690086,1.8232729703268034,-0.818624540181307
0.01940238577779088,-0.16272269214951582,-1.6293526989836864,-0.41209074973448734,-0.827888737694949,-0.22516339205196623,-0.8118463661988814,-0.1382327032752274,-1.1281521496355325,-0.780805960329528,-0.5927489783638191,-0.6919126161531287,-0.9369814684936247,-0.9631774724179828,1.6925525987445438,-0.6605041325807084,-0.5097475058154178,-0.3648896763690086,1.8232729703268034,-0.818624540181307
0.7529384636473124,-0.26309780264462257,0.7282703268895222,0.6944682750859617,0.7599587283956416,-0.33260338032165326,0.041552932052228146,-0.1382327032752274,-1.1281521496355325,-0.780805960329528,-0.5927489783638191,1.4452692098024813,-0.9369814684936247,1.038230262476527,-0.5908235884319065,-0.6605041325807084,1.9617555526835775,-0.3648896763690086,-0.5484642268462742,-0.818624540181307
0.5746793924761043,0.29454170010597147,0.7282703268895222,-0.795377136592585,0.5057301238066837,-0.9215037671532436,-0.06950042812130573,-0.1382327032752274,0.8864052604279182,-0.780805960329528,-0.5927489783638191,-0.6919126161531287,1.0672569667868559,-0.9631774724179828,1.6925525987445438,-0.6605041325807084,-0.5097475058154178,-0.3648896763690086,-0.5484642268462742,-0.818624540181307
-0.18024777393396169,-0.2798269877271404,1.7736197675347258,-0.1346491391635636,0.4043270319952077,0.09554093383574414,1.1892038306914618,-0.1382327032752274,-1.1281521496355325,1.280727928329292,-0.5927489783638191,1.4452692098024813,1.0672569667868559,1.038230262476527,-0.5908235884319065,1.5139950693310888,-0.5097475058154178,-0.3648896763690086,-0.5484642268462742,1.2215612297409535
1.1094566059897284,0.29454170010597147,0.7282703268895222,1.417740913048314,1.4572852033646049,-0.29140458782726175,1.7336240220081394,7.234178138070234,0.8864052604279182,-0.780805960329528,-0.5927489783638191,1.4452692098024813,-0.9369814684936247,1.038230262476527,-0.5908235884319065,-0.6605041325807084,-0.5097475058154178,2.7405543778353203,-0.5484642268462742,1.2215612297409535
1.5381696721564841,-0.09673535099069477,0.7195797733449667,0.34485977159196357,1.1612458452799173,-1.2203969676027484,1.652423715644694,-0.1382327032752274,-1.1281521496355325,1.280727928329292,-0.5927489783638191,1.4452692098024813,1.0672569667868559,-0.9631774724179828,-0.5908235884319065,1.5139950693310888,-0.5097475058154178,-0.3648896763690086,-0.5484642268462742,1.2215612297409535
-0.03764051699699574,0.3159178810447446,-2.001804993750386,-1.7672246279566322,-1.1614135989137337,-0.8560703908386222,-1.6584789722530375,-0.1382327032752274,-1.1281521496355325,-0.780805960329528,-0.5927489783638191,1.4452692098024813,1.0672569667868559,1.038230262476527,-0.5908235884319065,-0.6605041325807084,-0.5097475058154178,-0.3648896763690086,-0.5484642268462742,-0.818624540181307
-0.9102186703800584,1.0984719832380785,0.8884248136392038,2.269310249540571,1.1011729235906547,1.9680664436788522,1.1292987027125472,-0.1382327032752274,-1.1281521496355325,-0.780805960329528,1.6870547845739468,-0.6919126161531287,1.0672569667868559,1.038230262476527,-0.5908235884319065,-0.6605041325807084,-0.5097475058154178,2.7405543778353203,1.8232729703268034,-0.818624540181307
1.832297139588977,0.25550693491342974,-0.973836660194295,-0.31105709964218614,0.6499051358609141,-1.8173755490410815,0.11976793303466446,-0.1382327032752274,0.8864052604279182,-0.780805960329528,-0.5927489783638191,1.4452692098024813,-0.9369814684936247,1.038230262476527,-0.5908235884319065,1.5139950693310888,-0.5097475058154178,-0.3648896763690086,1.8232729703268034,-0.818624540181307
1.0853916313816157,0.08821508408825178,0.27139551197570316,-1.34865664900281,0.33175894259457883,-1.6630820320522837,-0.4437582127204687,-0.1382327032752274,0.8864052604279182,1.280727928329292,-0.5927489783638191,1.4452692098024813,-0.9369814684936247,-0.9631774724179828,-0.5908235884319065,-0.6605041325807084,-0.5097475058154178,-0.3648896763690086,-0.5484642268462742,-0.818624540181307
-0.8710016747223929,-0.07535917005192296,-0.8111991581461693,-1.2973379695908471,-1.2113942697592013,0.13593190686946088,-1.3565650880536586,-0.1382327032752274,0.8864052604279182,1.280727928329292,-0.5927489783638191,1.4452692098024813,-0.9369814684936247,1.038230262476527,-0.5908235884319065,-0.6605041325807084,-0.5097475058154178,-0.3648896763690086,-0.5484642268462742,-0.818624540181307
-1.0875864461954106,-0.322579349604686,1.7612046910425014,1.741690076836329,0.45046303585256314,1.8630499137911896,1.1760684870150215,-0.1382327032752274,0.8864052604279182,-0.780805960329528,-0.5927489783638191,1.4452692098024813,1.0672569667868559,-0.9631774724179828,-0.5908235884319065,-0.6605041325807084,-0.5097475058154178,2.7405543778353203,-0.5484642268462742,1.2215612297409535
0.527440738615734,0.7202065205389248,-1.3947077532806655,-0.7183991174746412,-0.09836317670054137,-0.8399140016251359,0.6759303255166437,-0.1382327032752274,-1.1281521496355325,-0.780805960329528,-0.5927489783638191,-0.6919126161531287,-0.9369814684936247,-0.9631774724179828,1.6925525987445438,-0.6605041325807084,-0.5097475058154178,-0.3648896763690086,-0.5484642268462742,1.2215612297409535
-0.39326736398355533,0.04453332303945535,1.537733314182482,-0.04163403272938118,0.39375419777789616,0.33546331365602156,0.47123788655879345,-0.1382327032752274,0.8864052604279182,-0.780805960329528,1.6870547845739468,-0.6919126161531287,1.0672569667868559,1.038230262476527,-0.5908235884319065,1.5139950693310888,-0.5097475058154178,-0.3648896763690086,1.8232729703268034,-0.818624540181307
-0.1606392761051289,-0.3848490940785025,0.2180106830591438,-1.589212958746386,-0.6774661417850354,-0.6549233451307132,0.06961480263371395,-0.1382327032752274,0.8864052604279182,-0.780805960329528,-0.5927489783638191,-0.6919126161531287,1.0672569667868559,-0.9631774724179828,-0.5908235884319065,-0.6605041325807084,-0.5097475058154178,-0.3648896763690086,-0.5484642268462742,1.2215612297409535
-0.26402953738442925,-1.5019868979221922,-1.2929041260444343,-1.254037833837003,-1.7953030685788334,-0.3923820204115542,-2.3481840254454864,-0.1382327032752274,-1.1281521496355325,1.280727928329292,-0.5927489783638191,-0.6919126161531287,1.0672569667868559,1.038230262476527,-0.5908235884319065,-0.6605041325807084,-0.5097475058154178,-0.3648896763690086,-0.5484642268462742,-0.818624540181307
-0.05814031018168376,0.3307882677847601,-1.92979755009549,0.405800703393671,-0.4857133757529072,0.2571048259706112,-0.0013359552549330178,-0.1382327032752274,-1.1281521496355325,1.280727928329292,-0.5927489783638191,-0.6919126161531287,1.0672569667868559,1.038230262476527,-0.5908235884319065,1.5139950693310888,-0.5097475058154178,-0.3648896763690086,-0.5484642268462742,1.2215612297409535
-0.4913098531277199,-1.3978941907420817,-0.3307356978971271,0.4715527613902479,-0.9744666666167491,0.6828256817459859,-0.6778061545915759,-0.1382327032752274,-1.1281521496355325,-0.780805960329528,-0.5927489783638191,-0.6919126161531287,1.0672569667868559,1.038230262476527,-0.5908235884319065,-0.6605041325807084,1.9617555526835775,-0.3648896763690086,1.8232729703268034,-0.818624540181307
-0.8977405353980745,0.4404573699923763,1.5166276841457023,-1.1241374265754729,-0.0060911689858358705,0.24741099244251935,0.5740319018448693,-0.1382327032752274,0.8864052604279182,1.280727928329292,1.6870547845739468,-0.6919126161531287,1.0672569667868559,-0.9631774724179828,1.6925525987445438,-0.6605041325807084,-0.5097475058154178,-0.3648896763690086,-0.5484642268462742,1.2215612297409535
0.36165980242651063,0.3763288271760582,0.769240079313859,0.12034054916462741,0.7234343920085703,-0.2671700040070319,0.31659906782252634,-0.1382327032752274,0.8864052604279182,-0.780805960329528,-0.5927489783638191,1.4452692098024813,1.0672569667868559,1.038230262476527,-0.5908235884319065,1.5139950693310888,-0.5097475058154178,-0.3648896763690086,-0.5484642268462742,-0.818624540181307
0.5746793924761043,0.5733614514812685,0.8524210918117554,0.8804984879543265,1.2001730985345596,-0.07733243074856362,1.3117008614921977,-0.1382327032752274,-1.1281521496355325,1.280727928329292,-0.5927489783638191,-0.6919126161531287,1.0672569667868559,-0.9631774724179828,-0.5908235884319065,-0.6605041325807084,1.9617555526835775,-0.3648896763690086,-0.5484642268462742,1.2215612297409535
1.4659747483321446,2.2369859680205413,-0.20286041002722677,-0.4457686330985881,1.7350623932557543,-1.5532185854005736,1.811042941555639,-0.1382327032752274,0.8864052604279182,-0.780805960329528,-0.5927489783638191,1.4452692098024813,-0.9369814684936247,-0.9631774724179828,1.6925525987445438,-0.6605041325807084,-0.5097475058154178,-0.3648896763690086,-0.5484642268462742,1.2215612297409535
-2.376399530763245,-1.9518160968076717,-1.6305942066329084,0.5276825669970814,-2.7636785662097494,2.419637522195806,-2.191156962404412,-0.1382327032752274,-1.1281521496355325,1.280727928329292,-0.5927489783638191,-0.6919126161531287,-0.9369814684936247,1.038230262476527,-0.5908235884319065,-0.6605041325807084,1.9617555526835775,-0.3648896763690086,1.8232729703268034,-0.818624540181307
0.6094399113544899,0.4646217484449025,-0.5889692889353719,-0.18917523603877354,0.28418118861668235,-0.647652969984644,0.12394736056807723,-0.1382327032752274,0.8864052604279182,-0.780805960329528,1.6870547845739468,-0.6919126161531287,1.0672569667868559,1.038230262476527,-0.5908235884319065,1.5139950693310888,-0.5097475058154178,-0.3648896763690086,1.8232729703268034,-0.818624540181307
0.26272601792649025,-0.4025076783322711,-0.6373880872550429,1.0953954579919216,0.01505449944878448,0.3136521882178149,0.7992234377523164,-0.1382327032752274,-1.1281521496355325,1.280727928329292,-0.5927489783638191,-0.6919126161531287,-0.9369814684936247,-0.9631774724179828,-0.5908235884319065,-0.6605041325807084,1.9617555526835775,-0.3648896763690086,-0.5484642268462742,1.2215612297409535
1.5862996213727096,1.1681769210819026,-1.7410883874136962,2.3863809869491117,1.500537706980873,-0.2356650450407328,1.9171207927608263,-0.1382327032752274,-1.1281521496355325,1.280727928329292,1.6870547845739468,-0.6919126161531287,-0.9369814684936247,1.038230262476527,-0.5908235884319065,-0.6605041325807084,-0.5097475058154178,2.7405543778353203,-0.5484642268462742,1.2215612297409535
1.7681238739673424,0.6579367760651083,1.6929217703352737,1.4385891265594233,2.380005280511679,-0.8778815162768295,2.5601555718301667,7.234178138070234,-1.1281521496355325,-0.780805960329528,-0.5927489783638191,-0.6919126161531287,1.0672569667868559,-0.9631774724179828,-0.5908235884319065,-0.6605041325807084,-0.5097475058154178,2.7405543778353203,-0.5484642268462742,1.2215612297409535
-1.049260745893601,-1.992709660342715,1.178937603557228,-0.3238867694951766,-1.2368651885554474,0.7878422116336493,-1.4024392807418302,-0.1382327032752274,0.8864052604279182,-0.780805960329528,-0.5927489783638191,-0.6919126161531287,1.0672569667868559,1.038230262476527,-0.5908235884319065,1.5139950693310888,-0.5097475058154178,-0.3648896763690086,-0.5484642268462742,-0.818624540181307
-1.2818888337720273,0.6300548009275788,0.3570595397720456,-1.3310158529549478,-0.6260437208190242,0.49137246956616826,0.1124041797615105,-0.1382327032752274,-1.1281521496355325,-0.780805960329528,-0.5927489783638191,-0.6919126161531287,1.0672569667868559,1.038230262476527,-0.5908235884319065,-0.6605041325807084,-0.5097475058154178,-0.3648896763690086,-0.5484642268462742,1.2215612297409535
0.9294149441068087,1.1997764929044354,0.0007468444452357325,0.36891540256632205,1.2323721845600053,-0.6565389840520621,1.558884147039745,-0.1382327032752274,-1.1281521496355325,-0.780805960329528,-0.5927489783638191,-0.6919126161531287,1.0672569667868559,1.038230262476527,-0.5908235884319065,1.5139950693310888,-0.5097475058154178,-0.3648896763690086,-0.5484642268462742,1.2215612297409535
0.0033590693723828165,-0.3783432998797455,0.3992707998456035,0.354482023981707,0.06695750378830939,0.1755150604425029,0.555423498303248,-0.1382327032752274,0.8864052604279182,-0.780805960329528,-0.5927489783638191,1.4452692098024813,1.0672569667868559,1.038230262476527,-0.5908235884319065,1.5139950693310888,-0.5097475058154178,-0.3648896763690086,-0.5484642268462742,1.2215612297409535
-0.494875034551144,-0.3560377197697216,-0.26493579248834337,-0.8290550199566858,-0.8019372355251865,0.03091537698179756,-0.8341366463770824,-0.1382327032752274,0.8864052604279182,1.280727928329292,-0.5927489783638191,-0.6919126161531287,-0.9369814684936247,-0.9631774724179828,1.6925525987445438,-0.6605041325807084,-0.5097475058154178,-0.3648896763690086,1.8232729703268034,-0.818624540181307
1.137086762021266,2.3342243563126774,0.3992707998456035,-0.33030160442167183,1.87569310293032,-1.1969702032431921,2.2521218115997215,-0.1382327032752274,-1.1281521496355325,-0.780805960329528,1.6870547845739468,-0.6919126161531287,1.0672569667868559,-0.9631774724179828,-0.5908235884319065,1.5139950693310888,-0.5097475058154178,-0.3648896763690086,-0.5484642268462742,1.2215612297409535
-0.6704602196547839,-0.4787184103748523,0.8462135535656441,-0.16351589633279265,-0.33048494610785156,0.5253008869144904,-0.015366890545674503,-0.1382327032752274,0.8864052604279182,1.280727928329292,-0.5927489783638191,1.4452692098024813,1.0672569667868559,-0.9631774724179828,-0.5908235884319065,1.5139950693310888,-0.5097475058154178,-0.3648896763690086,-0.5484642268462742,1.2215612297409535
0.04079347431833666,-0.5261177681086526,2.4117546992350047,-1.95004742336175,0.09915658981375496,-1.0192499218948388,0.1791755101167475,-0.1382327032752274,-1.1281521496355325,1.280727928329292,1.6870547845739468,-0.6919126161531287,-0.9369814684936247,1.038230262476527,-0.5908235884319065,-0.6605041325807084,-0.5097475058154178,-0.3648896763690086,1.8232729703268034,-0.818624540181307
0.8420679992329164,0.7592412857314665,0.8524210918117554,0.7778611291304006,1.4097074493867086,-0.37137871443402165,1.4553935604980972,-0.1382327032752274,0.8864052604279182,-0.780805960329528,-0.5927489783638191,1.4452692098024813,-0.9369814684936247,-0.9631774724179828,-0.5908235884319065,-0.6605041325807084,1.9617555526835775,-0.3648896763690086,-0.5484642268462742,1.2215612297409535
0.4855498568905003,1.0380610371067636,0.8524210918117554,0.5822086638722924,1.3030179404665767,-0.14680490436655638,1.6058529517009514,-0.1382327032752274,0.8864052604279182,-0.780805960329528,-0.5927489783638191,1.4452692098024813,1.0672569667868559,1.038230262476527,-0.5908235884319065,-0.6605041325807084,1.9617555526835775,-0.3648896763690086,-0.5484642268462742,1.2215612297409535
1.597886460998839,-0.3021325678371643,0.2502898819389251,-0.2982274297891946,0.7128615577912615,-1.5984564751983366,-0.20572986367468374,-0.1382327032752274,-1.1281521496355325,-0.780805960329528,1.6870547845739468,-0.6919126161531287,-0.9369814684936247,-0.9631774724179828,-0.5908235884319065,1.5139950693310888,-0.5097475058154178,-0.3648896763690086,-0.5484642268462742,-0.818624540181307
-1.740014646682032,-0.3365203371734507,0.8673191836024239,-1.3695048625139203,-1.1868845177099812,0.8872040052965923,-1.1015204983361229,-0.1382327032752274,-1.1281521496355325,-0.780805960329528,-0.5927489783638191,1.4452692098024813,-0.9369814684936247,-0.9631774724179828,-0.5908235884319065,-0.6605041325807084,-0.5097475058154178,-0.3648896763690086,-0.5484642268462742,-0.818624540181307
-0.2863119212808303,0.051968516409463116,-0.7702294057218325,1.1467141374038832,-0.08202334200106312,0.8371191987347831,-0.556801776481343,-0.1382327032752274,-1.1281521496355325,1.280727928329292,-0.5927489783638191,1.4452692098024813,-0.9369814684936247,1.038230262476527,-0.5908235884319065,-0.6605041325807084,1.9617555526835775,-0.3648896763690086,-0.5484642268462742,-0.818624540181307
-0.19985627176279447,1.0213318520242451,0.9020813977806493,-2.0061772289685846,0.16836059559978545,-0.8294123486363699,-0.5231673358553087,-0.1382327032752274,0.8864052604279182,1.280727928329292,1.6870547845739468,-0.6919126161531287,-0.9369814684936247,1.038230262476527,-0.5908235884319065,-0.6605041325807084,-0.5097475058154178,-0.3648896763690086,-0.5484642268462742,-0.818624540181307
-0.05011865197898036,-0.338379135515953,0.5979120237211777,-0.8386772723464292,-0.22187310369366509,-0.37703345065874144,-0.08382989395014954,-0.1382327032752274,0.8864052604279182,-0.780805960329528,-0.5927489783638191,1.4452692098024813,-0.9369814684936247,1.038230262476527,1.6925525987445438,-0.6605041325807084,-0.5097475058154178,-0.3648896763690086,1.8232729703268034,-0.818624540181307
-0.9440878939025882,-0.12554672529947566,-1.9422126265877135,-0.7889623016660898,-1.5622201324244944,0.4582518716785208,-0.46982987971461415,-0.1382327032752274,-1.1281521496355325,1.280727928329292,-0.5927489783638191,-0.6919126161531287,1.0672569667868559,-0.9631774724179828,1.6925525987445438,-0.6605041325807084,-0.5097475058154178,-0.3648896763690086,-0.5484642268462742,1.2215612297409535
0.375920528120207,2.3342243563126774,-0.0588455227174367,0.569378994019302,1.5575469096639847,-0.053905666389007394,0.48611465837415396,-0.1382327032752274,0.8864052604279182,-0.780805960329528,-0.5927489783638191,-0.6919126161531287,-0.9369814684936247,-0.9631774724179828,-0.5908235884319065,-0.6605041325807084,1.9617555526835775,-0.3648896763690086,-0.5484642268462742,-0.818624540181307
0.5087235361427578,2.3342243563126774,-0.17927176469200276,0.6623941004534845,1.6104110807505343,-0.12741723731037277,1.727006595080237,-0.1382327032752274,-1.1281521496355325,-0.780805960329528,1.6870547845739468,-0.6919126161531287,1.0672569667868559,-0.9631774724179828,-0.5908235884319065,-0.6605041325807084,1.9617555526835775,-0.3648896763690086,-0.5484642268462742,1.2215612297409535
1.762776101832206,-0.10881754021695854,0.17579942298558413,-0.4762390989994418,0.8195510667113933,-1.8375710355579398,0.48994580027978496,-0.1382327032752274,0.8864052604279182,1.280727928329292,-0.5927489783638191,1.4452692098024813,-0.9369814684936247,1.038230262476527,1.6925525987445438,-0.6605041325807084,-0.5097475058154178,-0.3648896763690086,1.8232729703268034,-0.818624540181307
1.342084693868155,1.5194898078147772,-2.2476235082964076,-0.9348997962438598,0.35915219488488226,-1.6873166158725135,-0.9457870676268182,-0.1382327032752274,0.8864052604279182,-0.780805960329528,-0.5927489783638191,1.4452692098024813,-0.9369814684936247,-0.9631774724179828,1.6925525987445438,-0.6605041325807084,-0.5097475058154178,-0.3648896763690086,-0.5484642268462742,-0.818624540181307
-2.0751417004839032,0.805711244294016,-0.16064914995366708,1.1787883120363605,-0.4112229528582209,2.4745692455216606,0.26853565118828077,-0.1382327032752274,-1.1281521496355325,-0.780805960329528,-0.5927489783638191,-0.6919126161531287,1.0672569667868559,-0.9631774724179828,-0.5908235884319065,-0.6605041325807084,1.9617555526835775,-0.3648896763690086,-0.5484642268462742,1.2215612297409535
-1.4271699767765622,-0.7203621949001099,-0.43750535573024757,-0.22445682813449896,-1.3786372837421068,1.1804424695213762,-1.282430004425269,-0.1382327032752274,0.8864052604279182,-0.780805960329528,-0.5927489783638191,1.4452692098024813,-0.9369814684936247,1.038230262476527,-0.5908235884319065,1.5139950693310888,-0.5097475058154178,-0.3648896763690086,1.8232729703268034,-0.818624540181307
-0.03140144950600281,0.728571113080184,0.0007468444452357325,-1.1979080282301695,0.0011175816168772891,-0.5749492185239543,0.7136446834967262,-0.1382327032752274,-1.1281521496355325,-0.780805960329528,-0.5927489783638191,1.4452692098024813,-0.9369814684936247,-0.9631774724179828,-0.5908235884319065,-0.6605041325807084,-0.5097475058154178,-0.3648896763690086,-0.5484642268462742,1.2215612297409535
-1.0653040622990095,-1.3077424711307357,0.702198666255854,0.04175882131505897,-0.9662967492670086,0.9865657989595358,-0.38763447155749997,-0.1382327032752274,-1.1281521496355325,-0.780805960329528,-0.5927489783638191,-0.6919126161531287,1.0672569667868559,-0.9631774724179828,-0.5908235884319065,1.5139950693310888,-0.5097475058154178,-0.3648896763690086,-0.5484642268462742,1.2215612297409535
-0.7622636413079561,-0.4489776368948206,1.4110995339618047,0.7698425854722819,0.13375859270676882,1.07865721747641,0.38366892871586283,-0.1382327032752274,-1.1281521496355325,1.280727928329292,-0.5927489783638191,-0.6919126161531287,-0.9369814684936247,1.038230262476527,-0.5908235884319065,-0.6605041325807084,1.9617555526835775,-0.3648896763690086,1.8232729703268034,-0.818624540181307
-1.067977948366578,1.3986679155521473,0.7903457093506387,0.3817450724193125,0.5677253789900011,1.1602469830045177,0.38237529638409173,-0.1382327032752274,-1.1281521496355325,-0.780805960329528,-0.5927489783638191,1.4452692098024813,1.0672569667868559,1.038230262476527,-0.5908235884319065,1.5139950693310888,-0.5097475058154178,-0.3648896763690086,1.8232729703268034,-0.818624540181307
1.725341696886252,-0.5651525333011944,-0.8198897116907257,0.12354796662787446,0.35771044476433855,-1.5015181399174162,0.27500381284713343,-0.1382327032752274,-1.1281521496355325,-0.780805960329528,-0.5927489783638191,1.4452692098024813,1.0672569667868559,-0.9631774724179828,-0.5908235884319065,1.5139950693310888,-0.5097475058154178,-0.3648896763690086,-0.5484642268462742,1.2215612297409535
0.6531133837914355,-1.4211291700233564,-0.7776784516171668,0.3737265287611938,-0.5717377996119323,-0.40369149286099437,0.10752818097252845,-0.1382327032752274,0.8864052604279182,-0.780805960329528,-0.5927489783638191,1.4452692098024813,1.0672569667868559,1.038230262476527,-0.5908235884319065,1.5139950693310888,-0.5097475058154178,-0.3648896763690086,-0.5484642268462742,1.2215612297409535
1.682559519805163,-0.8318900954502283,-0.7305011609467179,-0.5002947299737992,0.04437008523314532,-1.7769845760073653,0.7363330043923955,-0.1382327032752274,0.8864052604279182,-0.780805960329528,-0.5927489783638191,-0.6919126161531287,-0.9369814684936247,1.038230262476527,1.6925525987445438,-0.6605041325807084,-0.5097475058154178,-0.3648896763690086,-0.5484642268462742,1.2215612297409535
2.114837767395342,-1.6348909794110837,-0.5504825518094794,1.2573700398859302,0.45863295320230363,-1.2834068855353453,-0.0776602628293964,-0.1382327032752274,-1.1281521496355325,1.280727928329292,-0.5927489783638191,-0.6919126161531287,1.0672569667868559,1.038230262476527,-0.5908235884319065,-0.6605041325807084,-0.5097475058154178,2.7405543778353203,1.8232729703268034,-0.818624540181307
1.5720388956790132,1.530642597869788,-1.5176170105536768,0.7409758283030518,1.2737023546822186,-1.051562700321812,0.711057418833184,-0.1382327032752274,0.8864052604279182,-0.780805960329528,1.6870547845739468,-0.6919126161531287,-0.9369814684936247,1.038230262476527,-0.5908235884319065,-0.6605041325807084,1.9617555526835775,-0.3648896763690086,1.8232729703268034,-0.818624540181307
0.039010883606623664,-1.0112641355016694,-0.9788026907911842,-0.08172675101997717,-0.9052626608307185,-0.07652461128788887,-0.5656581824450029,-0.1382327032752274,0.8864052604279182,-0.780805960329528,1.6870547845739468,-0.6919126161531287,1.0672569667868559,1.038230262476527,-0.5908235884319065,1.5139950693310888,-0.5097475058154178,-0.3648896763690086,-0.5484642268462742,1.2215612297409535
-0.5759829119340434,-0.07628856922317309,-1.1588212999284226,-0.1346491391635636,-0.8389421552857728,0.45421277437514873,-0.8147321614005231,-0.1382327032752274,0.8864052604279182,-0.780805960329528,-0.5927489783638191,-0.6919126161531287,1.0672569667868559,-0.9631774724179828,-0.5908235884319065,1.5139950693310888,-0.5097475058154178,-0.3648896763690086,1.8232729703268034,-0.818624540181307
0.7752208475437133,-2.086578976639065,-0.7305011609467179,0.16524439365009397,-0.8942092432398947,-0.6193792888610425,-1.682361415301109,-0.1382327032752274,0.8864052604279182,-0.780805960329528,-0.5927489783638191,1.4452692098024813,-0.9369814684936247,1.038230262476527,-0.5908235884319065,1.5139950693310888,-0.5097475058154178,-0.3648896763690086,-0.5484642268462742,-0.818624540181307
1.1451084202239705,0.6105374183313086,1.438412702244696,2.254876870955958,2.165665095924391,0.09796439221776723,2.1424118388476407,7.234178138070234,0.8864052604279182,-0.780805960329528,-0.5927489783638191,1.4452692098024813,1.0672569667868559,1.038230262476527,-0.5908235884319065,-0.6605041325807084,-0.5097475058154178,2.7405543778353203,-0.5484642268462742,1.2215612297409535
0.22350902226882466,-1.81891201531878,-0.45861098576702747,1.7721605427371816,-0.46649004081234424,0.6900960568920547,-0.3383769327708508,-0.1382327032752274,0.8864052604279182,1.280727928329292,-0.5927489783638191,-0.6919126161531287,-0.9369814684936247,1.038230262476527,-0.5908235884319065,-0.6605041325807084,-0.5097475058154178,2.7405543778353203,1.8232729703268034,-0.818624540181307
-0.22748642779433192,0.10866186585577346,-0.26493579248834337,-0.7055694476216507,-0.3804656169533191,-0.14922836274857948,-0.19647541699355686,-0.1382327032752274,0.8864052604279182,-0.780805960329528,-0.5927489783638191,-0.6919126161531287,-0.9369814684936247,-0.9631774724179828,1.6925525987445438,-0.6605041325807084,-0.5097475058154178,-0.3648896763690086,1.8232729703268034,-0.818624540181307
0.5925052995932254,1.9302842415077135,1.3800618427312465,0.6190939646996414,2.037349335196125,-0.2251633920519668,1.85432986958027,-0.1382327032752274,0.8864052604279182,1.280727928329292,-0.5927489783638191,-0.6919126161531287,1.0672569667868559,-0.9631774724179828,-0.5908235884319065,-0.6605041325807084,1.9617555526835775,-0.3648896763690086,-0.5484642268462742,1.2215612297409535
1.319802309971754,-0.03260680817437667,-1.6827375279002468,-0.18436410984390297,-0.011858169468002574,-1.2890616217600663,-0.736019609521251,-0.1382327032752274,0.8864052604279182,-0.780805960329528,1.6870547845739468,-0.6919126161531287,-0.9369814684936247,-0.9631774724179828,-0.5908235884319065,1.5139950693310888,-0.5097475058154178,-0.3648896763690086,-0.5484642268462742,-0.818624540181307
0.6406352488094509,-0.2249924366233323,-1.736122356816807,2.825797179414043,0.403846448621694,0.842773934959504,0.31351425226214974,-0.1382327032752274,-1.1281521496355325,1.280727928329292,-0.5927489783638191,-0.6919126161531287,-0.9369814684936247,-0.9631774724179828,-0.5908235884319065,-0.6605041325807084,-0.5097475058154178,2.7405543778353203,-0.5484642268462742,1.2215612297409535
-0.049227356623123865,-1.2854368910207117,-0.1407850275661102,-0.6221765935772107,-0.9321753297475084,-0.26878564292838086,-1.1012219677980206,-0.1382327032752274,-1.1281521496355325,-0.780805960329528,-0.5927489783638191,1.4452692098024813,-0.9369814684936247,1.038230262476527,1.6925525987445438,-0.6605041325807084,-0.5097475058154178,-0.3648896763690086,-0.5484642268462742,-0.818624540181307
2.0533383878412756,-0.3365203371734507,0.5234215647678367,-0.5339726133378999,0.9757406631034735,-2.1300016803220494,0.18643975321053402,-0.1382327032752274,0.8864052604279182,-0.780805960329528,1.6870547845739468,-0.6919126161531287,1.0672569667868559,1.038230262476527,1.6925525987445438,-0.6605041325807084,-0.5097475058154178,-0.3648896763690086,-0.5484642268462742,-0.818624540181307
0.7565036450707371,0.5213150978912129,-0.5840032583384828,-0.6350062634302011,0.2611131866880073,-1.005516991063375,0.5971182634580083,-0.1382327032752274,-1.1281521496355325,-0.780805960329528,1.6870547845739468,-0.6919126161531287,-0.9369814684936247,-0.9631774724179828,1.6925525987445438,-0.6605041325807084,-0.5097475058154178,-0.3648896763690086,-0.5484642268462742,1.2215612297409535
-0.6214389750827018,-0.13112312032698184,1.011334070912214,-0.9573517184865936,-0.29828586008240876,0.08100018354360614,-0.5322227621777035,-0.1382327032752274,-1.1281521496355325,-0.780805960329528,-0.5927489783638191,1.4452692098024813,1.0672569667868559,1.038230262476527,1.6925525987445438,-0.6605041325807084,-0.5097475058154178,-0.3648896763690086,-0.5484642268462742,-0.818624540181307
-1.004695978100799,-0.37183750568098856,-0.7876105128109452,-0.7873585929344663,-1.2748312750630624,0.5139914144650497,-1.4894111775085606,-0.1382327032752274,-1.1281521496355325,1.280727928329292,-0.5927489783638191,-0.6919126161531287,-0.9369814684936247,1.038230262476527,1.6925525987445438,-0.6605041325807084,-0.5097475058154178,-0.3648896763690086,-0.5484642268462742,-0.818624540181307
-0.09200953370421415,-0.7277973882701176,-0.927900877173069,-0.9220701263908682,-1.0614522572228016,-0.3810725479621129,-0.7503490753500962,-0.1382327032752274,0.8864052604279182,1.280727928329292,1.6870547845739468,-0.6919126161531287,-0.9369814684936247,-0.9631774724179828,1.6925525987445438,-0.6605041325807084,-0.5097475058154178,-0.3648896763690086,-0.5484642268462742,1.2215612297409535
-0.31661596337993597,0.3131296835309915,-0.6373880872550429,0.04817365624155419,-0.24109643863423078,0.31122872983579175,-1.096047438470939,-0.1382327032752274,-1.1281521496355325,1.280727928329292,-0.5927489783638191,-0.6919126161531287,-0.9369814684936247,-0.9631774724179828,-0.5908235884319065,1.5139950693310888,-0.5097475058154178,-0.3648896763690086,-0.5484642268462742,-0.818624540181307
-0.04744476591141214,-2.0261680305077507,0.19193902242547564,1.2220884477902036,-0.6327718880482223,0.6585910979257555,-1.1420211413384782,-0.1382327032752274,0.8864052604279182,-0.780805960329528,-0.5927489783638191,-0.6919126161531287,1.0672569667868559,1.038230262476527,-0.5908235884319065,-0.6605041325807084,1.9617555526835775,-0.3648896763690086,-0.5484642268462742,-0.818624540181307
0.3447251906652461,1.379150532955877,-1.5374811329412337,-0.16030847886954447,0.2558267695793516,-0.3931898398722284,0.20166481065367917,-0.1382327032752274,0.8864052604279182,-0.780805960329528,-0.5927489783638191,-0.6919126161531287,-0.9369814684936247,-0.9631774724179828,-0.5908235884319065,1.5139950693310888,-0.5097475058154178,-0.3648896763690086,-0.5484642268462742,1.2215612297409535
-0.5332007348529537,0.08449748740324724,0.08020333399546505,1.400100117000452,0.20680726548091136,1.18852066412812,0.42456761243568364,-0.1382327032752274,0.8864052604279182,1.280727928329292,-0.5927489783638191,-0.6919126161531287,-0.9369814684936247,-0.9631774724179828,-0.5908235884319065,-0.6605041325807084,-0.5097475058154178,2.7405543778353203,-0.5484642268462742,1.2215612297409535
0.30729078571929225,-0.7593969600926516,-1.0098403820217425,-0.144271391553307,-0.6611263070855559,-0.3511832279171633,-1.3046207744241025,-0.1382327032752274,0.8864052604279182,-0.780805960329528,-0.5927489783638191,1.4452692098024813,1.0672569667868559,-0.9631774724179828,-0.5908235884319065,1.5139950693310888,-0.5097475058154178,-0.3648896763690086,-0.5484642268462742,-0.818624540181307
-1.1481945303936214,2.084564503935379,-0.80623312754928,0.9189874975133001,0.42210861681522965,1.5035702537911106,0.6641881243513449,-0.1382327032752274,0.8864052604279182,1.280727928329292,-0.5927489783638191,1.4452692098024813,-0.9369814684936247,1.038230262476527,-0.5908235884319065,-0.6605041325807084,1.9617555526835775,-0.3648896763690086,-0.5484642268462742,1.2215612297409535
2.058686159976412,-0.13484071701198638,0.5643913171921752,0.43306375183127654,1.3885617809520883,-1.647733462299471,1.2542834879974607,-0.1382327032752274,0.8864052604279182,-0.780805960329528,1.6870547845739468,-0.6919126161531287,1.0672569667868559,1.038230262476527,-0.5908235884319065,1.5139950693310888,-0.5097475058154178,-0.3648896763690086,-0.5484642268462742,1.2215612297409535
-0.37455016151057846,-0.4415424435248128,1.4893145158628112,0.987946972973124,0.44229311850282266,0.8371191987347837,-0.05576802336866375,-0.1382327032752274,-1.1281521496355325,1.280727928329292,-0.5927489783638191,-0.6919126161531287,1.0672569667868559,1.038230262476527,-0.5908235884319065,-0.6605041325807084,1.9617555526835775,-0.3648896763690086,-0.5484642268462742,-0.818624540181307
-0.5715264351547634,0.41443419319734975,-1.8168203540162584,0.5132491884124686,-0.6433447222655325,0.7765327391842092,-1.1828203148789345,-0.1382327032752274,0.8864052604279182,-0.780805960329528,-0.5927489783638191,-0.6919126161531287,-0.9369814684936247,1.038230262476527,-0.5908235884319065,-0.6605041325807084,1.9617555526835775,-0.3648896763690086,-0.5484642268462742,-0.818624540181307
0.32066021605713335,-0.30863836203592127,0.32105581794459714,0.16203697618684693,0.18614218041980468,-0.20900700283848045,0.019760202770865758,-0.1382327032752274,0.8864052604279182,-0.780805960329528,1.6870547845739468,-0.6919126161531287,-0.9369814684936247,1.038230262476527,-0.5908235884319065,1.5139950693310888,-0.5097475058154178,-0.3648896763690086,1.8232729703268034,-0.818624540181307
-0.3897021825601313,-0.17015788551952357,0.18076545358247423,-0.5788764578233665,-0.40161128538793944,0.061612516487422504,0.8106671083795185,-0.1382327032752274,-1.1281521496355325,1.280727928329292,-0.5927489783638191,-0.6919126161531287,1.0672569667868559,1.038230262476527,1.6925525987445438,-0.6605041325807084,-0.5097475058154178,-0.3648896763690086,-0.5484642268462742,1.2215612297409535
-1.0991732858215395,-0.7538205650651455,-0.26617730013756546,0.7072979449389522,-0.8735441581787866,1.3525080146450097,-1.2957643684604412,-0.1382327032752274,-1.1281521496355325,-0.780805960329528,-0.5927489783638191,-0.6919126161531287,-0.9369814684936247,1.038230262476527,-0.5908235884319065,-0.6605041325807084,1.9617555526835775,-0.3648896763690086,-0.5484642268462742,-0.818624540181307
-0.5724177305106193,1.0324846420792575,0.04668262746646258,0.8179538474209966,0.48842912236017544,0.9308262561730063,0.8286784508449407,-0.1382327032752274,-1.1281521496355325,-0.780805960329528,-0.5927489783638191,-0.6919126161531287,-0.9369814684936247,1.038230262476527,-0.5908235884319065,-0.6605041325807084,1.9617555526835775,-0.3648896763690086,-0.5484642268462742,1.2215612297409535
1.6005603470664072,-1.1060628509692707,0.32105581794459714,1.1146399627714083,0.7493858941783328,-0.8891909887262702,-0.34683529801704094,-0.1382327032752274,-1.1281521496355325,-0.780805960329528,-0.5927489783638191,1.4452692098024813,-0.9369814684936247,-0.9631774724179828,-0.5908235884319065,-0.6605041325807084,1.9617555526835775,-0.3648896763690086,-0.5484642268462742,-0.818624540181307
-0.11874839437989511,-1.6042208067598012,1.393718426872692,-0.2870014686678288,-0.44005795526906943,-0.036941457714846866,-0.8454808068249157,-0.1382327032752274,0.8864052604279182,1.280727928329292,-0.5927489783638191,1.4452692098024813,-0.9369814684936247,-0.9631774724179828,-0.5908235884319065,1.5139950693310888,-0.5097475058154178,-0.3648896763690086,-0.5484642268462742,-0.818624540181307
-1.2453457241819301,-0.4210956617572912,-1.1228175781009744,-1.5106312308968175,-1.776560317011784,0.36777609208299544,-1.4133854004721966,-0.1382327032752274,-1.1281521496355325,1.280727928329292,-0.5927489783638191,1.4452692098024813,-0.9369814684936247,-0.9631774724179828,-0.5908235884319065,-0.6605041325807084,-0.5097475058154178,-0.3648896763690086,1.8232729703268034,-0.818624540181307
1.0845003360257592,-0.0019366355230941534,-0.6696672861348233,-0.051256285119123446,0.30917152403941744,-1.0087482689060716,0.631648295698344,-0.1382327032752274,0.8864052604279182,1.280727928329292,-0.5927489783638191,-0.6919126161531287,-0.9369814684936247,1.038230262476527,-0.5908235884319065,1.5139950693310888,-0.5097475058154178,-0.3648896763690086,-0.5484642268462742,1.2215612297409535
-1.5697772337135287,-0.25659200844586627,-0.3257696673002379,0.42504520817315555,-0.9778307502313488,1.6368604648023752,-1.4048275250466389,-0.1382327032752274,0.8864052604279182,1.280727928329292,-0.5927489783638191,1.4452692098024813,-0.9369814684936247,-0.9631774724179828,-0.5908235884319065,1.5139950693310888,-0.5097475058154178,-0.3648896763690086,-0.5484642268462742,-0.818624540181307
1.1558039644942422,0.49250372358243194,-0.351841327933907,0.46994905265862325,0.882507488641738,-0.8108325010408598,1.3640432158392206,-0.1382327032752274,0.8864052604279182,-0.780805960329528,1.6870547845739468,-0.6919126161531287,-0.9369814684936247,-0.9631774724179828,-0.5908235884319065,-0.6605041325807084,1.9617555526835775,-0.3648896763690086,-0.5484642268462742,1.2215612297409535
-1.4699521538576519,0.9293213340703975,1.5749785436591517,1.7898013387850438,0.8339685679168142,2.233839046240709,0.5251724037756899,-0.1382327032752274,0.8864052604279182,-0.780805960329528,1.6870547845739468,-0.6919126161531287,1.0672569667868559,-0.9631774724179828,-0.5908235884319065,-0.6605041325807084,-0.5097475058154178,2.7405543778353203,-0.5484642268462742,-0.818624540181307
-1.2150416820828245,-1.3161070636719943,0.0342675509742382,-0.2420976241823611,-1.3949771184415878,0.9792954238134665,-1.3558685167980906,-0.1382327032752274,0.8864052604279182,-0.780805960329528,-0.5927489783638191,1.4452692098024813,1.0672569667868559,-0.9631774724179828,-0.5908235884319065,1.5139950693310888,-0.5097475058154178,-0.3648896763690086,-0.5484642268462742,-0.818624540181307
1.8403187977916817,0.8233698285477846,1.4793824546690326,0.8307835172739871,2.2396749354455605,-1.2494784681870243,1.8117395128112082,-0.1382327032752274,0.8864052604279182,-0.780805960329528,-0.5927489783638191,1.4452692098024813,1.0672569667868559,-0.9631774724179828,-0.5908235884319065,-0.6605041325807084,1.9617555526835775,-0.3648896763690086,1.8232729703268034,-0.818624540181307
0.36879016527335884,-1.4127645774820972,0.7419269110309678,0.32561526681247904,-0.14690209742546517,-0.17023166872611148,0.2722175278248592,-0.1382327032752274,0.8864052604279182,1.280727928329292,-0.5927489783638191,-0.6919126161531287,1.0672569667868559,1.038230262476527,-0.5908235884319065,1.5139950693310888,-0.5097475058154178,-0.3648896763690086,-0.5484642268462742,1.2215612297409535
0.6094399113544899,0.3819052222035643,-0.0700190915604381,0.7217313235235672,0.7152644746588298,-0.1888115163216215,0.17429951132776264,-0.1382327032752274,0.8864052604279182,1.280727928329292,-0.5927489783638191,-0.6919126161531287,1.0672569667868559,1.038230262476527,-0.5908235884319065,-0.6605041325807084,1.9617555526835775,-0.3648896763690086,-0.5484642268462742,-0.818624540181307
1.9517307172736869,2.331784683488142,2.115034371070867,-0.9605591359498407,2.788981731372179,-2.252790238344548,2.1436059610000444,-0.1382327032752274,-1.1281521496355325,-0.780805960329528,-0.5927489783638191,1.4452692098024813,1.0672569667868559,1.038230262476527,1.6925525987445438,-0.6605041325807084,-0.5097475058154178,-0.3648896763690086,1.8232729703268034,-0.818624540181307
0.2778780389760431,-0.21012204988331679,-0.3443922820385727,-2.3990858682164244,-0.8110683196219529,-1.4603193474230252,-0.0037241995597403197,-0.1382327032752274,0.8864052604279182,-0.780805960329528,-0.5927489783638191,1.4452692098024813,1.0672569667868559,1.038230262476527,-0.5908235884319065,-0.6605041325807084,-0.5097475058154178,-0.3648896763690086,-0.5484642268462742,1.2215612297409535
0.46683265441752403,0.0036397595044119985,1.795966905220727,0.07704041341078326,0.9718959961153615,-0.3843038258048113,0.7919591946585299,-0.1382327032752274,-1.1281521496355325,1.280727928329292,1.6870547845739468,-0.6919126161531287,1.0672569667868559,1.038230262476527,-0.5908235884319065,1.5139950693310888,-0.5097475058154178,-0.3648896763690086,1.8232729703268034,-0.818624540181307
-0.22748642779433192,0.7592412857314665,0.3558180321228226,0.39457474227230294,0.525914625494274,0.40493578727401436,0.4845722505939685,-0.1382327032752274,-1.1281521496355325,1.280727928329292,-0.5927489783638191,-0.6919126161531287,1.0672569667868559,-0.9631774724179828,-0.5908235884319065,1.5139950693310888,-0.5097475058154178,-0.3648896763690086,1.8232729703268034,-0.818624540181307
-0.494875034551144,-1.8430763937713057,-2.003046501399608,-1.1610227274028206,-2.343168114384909,-0.13630325137778984,-1.891730832689208,-0.1382327032752274,0.8864052604279182,1.280727928329292,-0.5927489783638191,-0.6919126161531287,-0.9369814684936247,1.038230262476527,-0.5908235884319065,-0.6605041325807084,-0.5097475058154178,-0.3648896763690086,-0.5484642268462742,1.2215612297409535
0.9828926654581707,0.6477133851813475,0.34091994033215406,-0.5949135451396051,0.8185898999643633,-1.190507647557797,0.524973383416955,-0.1382327032752274,0.8864052604279182,1.280727928329292,-0.5927489783638191,-0.6919126161531287,-0.9369814684936247,-0.9631774724179828,1.6925525987445438,-0.6605041325807084,-0.5097475058154178,-0.3648896763690086,1.8232729703268034,-0.818624540181307
0.4240504773364337,0.39770500811483134,0.019369459183571417,0.22297790798855324,0.5086136240477712,-0.2720169207710781,0.5584088036842572,-0.1382327032752274,0.8864052604279182,-0.780805960329528,-0.5927489783638191,-0.6919126161531287,-0.9369814684936247,-0.9631774724179828,-0.5908235884319065,1.5139950693310888,-0.5097475058154178,-0.3648896763690086,-0.5484642268462742,1.2215612297409535
-0.45833192496104663,-1.7417718841049474,-0.2512792083468978,-0.11861205184732497,-1.2805982755452305,0.35565880017288054,-1.1539623628625133,-0.1382327032752274,0.8864052604279182,-0.780805960329528,1.6870547845739468,-0.6919126161531287,1.0672569667868559,1.038230262476527,-0.5908235884319065,1.5139950693310888,-0.5097475058154178,-0.3648896763690086,1.8232729703268034,-0.818624540181307
-0.7283944177854264,-2.280823403430522,-0.14699256581222148,-0.05767112004561867,-1.6463222227894623,0.6311252362628286,-0.839609706242262,-0.1382327032752274,0.8864052604279182,1.280727928329292,-0.5927489783638191,-0.6919126161531287,-0.9369814684936247,-0.9631774724179828,-0.5908235884319065,1.5139950693310888,-0.5097475058154178,-0.3648896763690086,-0.5484642268462742,1.2215612297409535
-0.6098521354565731,0.7118419279976655,-0.6659427631871562,1.0488879047748292,0.09579250619915383,1.0810806758584326,0.26863516136764826,-0.1382327032752274,0.8864052604279182,-0.780805960329528,1.6870547845739468,-0.6919126161531287,1.0672569667868559,-0.9631774724179828,-0.5908235884319065,-0.6605041325807084,1.9617555526835775,-0.3648896763690086,-0.5484642268462742,1.2215612297409535
0.7761121428995699,-1.0939806617430075,0.4116858763378279,1.3279332240773787,0.41009403247737714,-0.03451799933282377,-0.24155352824679044,-0.1382327032752274,-1.1281521496355325,-0.780805960329528,-0.5927489783638191,-0.6919126161531287,-0.9369814684936247,1.038230262476527,-0.5908235884319065,-0.6605041325807084,-0.5097475058154178,2.7405543778353203,-0.5484642268462742,-0.818624540181307
0.2466827015210809,0.44603376501988246,0.5010744270818357,-0.29502001232594754,0.46920578741961244,-0.37218653389469525,-0.1629404865468872,-0.1382327032752274,0.8864052604279182,-0.780805960329528,-0.5927489783638191,-0.6919126161531287,1.0672569667868559,1.038230262476527,-0.5908235884319065,1.5139950693310888,-0.5097475058154178,-0.3648896763690086,-0.5484642268462742,-0.818624540181307
0.5372449875301505,0.06498010480697702,-0.3568073585307962,-0.17955298364903127,0.13135567583919777,-0.5773726769059768,0.38585815266193524,-0.1382327032752274,-1.1281521496355325,1.280727928329292,-0.5927489783638191,-0.6919126161531287,1.0672569667868559,1.038230262476527,-0.5908235884319065,1.5139950693310888,-0.5097475058154178,-0.3648896763690086,-0.5484642268462742,1.2215612297409535
0.6673741094851331,1.0780252014705567,2.247875689537656,-1.672605812790825,1.2861975223935849,-1.447394236052236,1.2352770437383669,-0.1382327032752274,0.8864052604279182,-0.780805960329528,-0.5927489783638191,-0.6919126161531287,1.0672569667868559,-0.9631774724179828,-0.5908235884319065,-0.6605041325807084,-0.5097475058154178,-0.3648896763690086,1.8232729703268034,-0.818624540181307
1.0114141168455646,0.32335307441475236,0.019369459183571417,-0.806603097713952,0.47833687151638027,-1.3229900391083886,1.3525995452120243,-0.1382327032752274,0.8864052604279182,-0.780805960329528,-0.5927489783638191,-0.6919126161531287,1.0672569667868559,1.038230262476527,1.6925525987445438,-0.6605041325807084,-0.5097475058154178,-0.3648896763690086,-0.5484642268462742,1.2215612297409535
0.6468743163004438,0.853110602027817,-0.3071470525619031,-1.4368606292421209,0.24044810162689792,-1.3100649277375989,-0.19438570322684906,-0.1382327032752274,-1.1281521496355325,-0.780805960329528,1.6870547845739468,-0.6919126161531287,-0.9369814684936247,-0.9631774724179828,-0.5908235884319065,-0.6605041325807084,-0.5097475058154178,-0.3648896763690086,1.8232729703268034,-0.818624540181307
-0.9271532821413236,-0.198039860657053,-1.979457856064384,0.6014531686517792,-1.1883262678305235,1.1432827743303573,-0.5495375333875565,-0.1382327032752274,0.8864052604279182,-0.780805960329528,-0.5927489783638191,1.4452692098024813,-0.9369814684936247,1.038230262476527,-0.5908235884319065,-0.6605041325807084,1.9617555526835775,-0.3648896763690086,-0.5484642268462742,1.2215612297409535
1.84744916063853,0.6597955744076112,-0.26121126954067625,0.6142828385047697,1.4202802836040174,-1.3649966510634537,1.7247676160444794,-0.1382327032752274,0.8864052604279182,1.280727928329292,1.6870547845739468,-0.6919126161531287,1.0672569667868559,-0.9631774724179828,-0.5908235884319065,-0.6605041325807084,1.9617555526835775,-0.3648896763690086,-0.5484642268462742,1.2215612297409535
0.29748653680487586,0.4785627360136679,-0.06629456861277097,1.5123597282141188,0.8354103180373579,0.4921802890268424,0.4892492290242157,-0.1382327032752274,-1.1281521496355325,-0.780805960329528,-0.5927489783638191,-0.6919126161531287,-0.9369814684936247,1.038230262476527,-0.5908235884319065,-0.6605041325807084,-0.5097475058154178,2.7405543778353203,1.8232729703268034,-0.818624540181307
-0.4048542036096841,-0.1998986589995546,-0.2897659454727904,-0.6927397777686592,-0.6414223887714765,0.017990265611008475,-0.5914313189010475,-0.1382327032752274,-1.1281521496355325,-0.780805960329528,-0.5927489783638191,1.4452692098024813,-0.9369814684936247,1.038230262476527,1.6925525987445438,-0.6605041325807084,-0.5097475058154178,-0.3648896763690086,1.8232729703268034,-0.818624540181307
1.0247835471834044,-2.264094218348004,-1.0098403820217425,-0.05767112004561867,-1.0263696709562726,-0.9578556428835883,-1.2275003854147024,-0.1382327032752274,0.8864052604279182,1.280727928329292,-0.5927489783638191,-0.6919126161531287,-0.9369814684936247,1.038230262476527,-0.5908235884319065,1.5139950693310888,-0.5097475058154178,-0.3648896763690086,1.8232729703268034,-0.818624540181307
-0.6125260215241414,1.050143226333026,-0.019117277942321154,0.3095781794962393,0.29811810644859227,0.7110993628695872,0.845794201696056,-0.1382327032752274,-1.1281521496355325,-0.780805960329528,-0.5927489783638191,-0.6919126161531287,-0.9369814684936247,-0.9631774724179828,-0.5908235884319065,1.5139950693310888,-0.5097475058154178,-0.3648896763690086,-0.5484642268462742,1.2215612297409535
2.1050335184809255,0.1876607954121071,0.4787272893958328,1.0296433999953447,1.7259313091589865,-1.3892312348836835,1.0058065701181425,-0.1382327032752274,-1.1281521496355325,1.280727928329292,1.6870547845739468,-0.6919126161531287,-0.9369814684936247,1.038230262476527,-0.5908235884319065,-0.6605041325807084,1.9617555526835775,-0.3648896763690086,1.8232729703268034,-0.818624540181307
0.4855498568905003,2.3342243563126774,1.5973256813451546,1.3808556122209652,2.5009320718721653,0.2554891870492628,2.8169415896866283,7.234178138070234,-1.1281521496355325,1.280727928329292,-0.5927489783638191,-0.6919126161531287,1.0672569667868559,-0.9631774724179828,-0.5908235884319065,-0.6605041325807084,-0.5097475058154178,2.7405543778353203,-0.5484642268462742,1.2215612297409535
1.2877156771609366,-0.5419175540199196,-0.5132373223328097,0.5212677320705873,0.3716473625962485,-0.9045395584790824,0.7946459695014367,-0.1382327032752274,0.8864052604279182,-0.780805960329528,-0.5927489783638191,1.4452692098024813,-0.9369814684936247,-0.9631774724179828,-0.5908235884319065,-0.6605041325807084,1.9617555526835775,-0.3648896763690086,-0.5484642268462742,1.2215612297409535
0.9124803323455442,0.7239241172239294,0.1633843464933615,-0.8948070779532638,0.661439136825253,-1.2777521493106263,0.828678450844938,-0.1382327032752274,0.8864052604279182,-0.780805960329528,-0.5927489783638191,1.4452692098024813,1.0672569667868559,-0.9631774724179828,1.6925525987445438,-0.6605041325807084,-0.5097475058154178,-0.3648896763690086,-0.5484642268462742,1.2215612297409535
-0.5073531695331286,0.250859939057175,0.6301912226009572,-1.4593125514848546,-0.33721311333705245,-0.27524819861377536,-0.27578502994902937,-0.1382327032752274,0.8864052604279182,1.280727928329292,1.6870547845739468,-0.6919126161531287,1.0672569667868559,-0.9631774724179828,-0.5908235884319065,-0.6605041325807084,-0.5097475058154178,-0.3648896763690086,1.8232729703268034,-0.818624540181307
-1.3193232387179812,-0.5131061797111387,0.5842554395797321,1.6566935140602652,-0.25407218971911066,2.030268542150777,0.7230981505365879,-0.1382327032752274,0.8864052604279182,1.280727928329292,1.6870547845739468,-0.6919126161531287,-0.9369814684936247,-0.9631774724179828,-0.5908235884319065,-0.6605041325807084,-0.5097475058154178,2.7405543778353203,-0.5484642268462742,1.2215612297409535
0.15666187057962164,-1.323542257042002,-0.6075919036737067,-0.4874650601208087,-0.9811948338459457,-0.3875351036475086,-1.660369665661009,-0.1382327032752274,-1.1281521496355325,-0.780805960329528,-0.5927489783638191,-0.6919126161531287,1.0672569667868559,1.038230262476527,1.6925525987445438,-0.6605041325807084,-0.5097475058154178,-0.3648896763690086,-0.5484642268462742,-0.818624540181307
1.8982529959223235,0.2713067208246967,-1.1277836086978645,-1.0872521257481238,0.40144353175412295,-2.2681388080973597,0.45790352252362126,-0.1382327032752274,-1.1281521496355325,1.280727928329292,-0.5927489783638191,1.4452692098024813,1.0672569667868559,1.038230262476527,1.6925525987445438,-0.6605041325807084,-0.5097475058154178,-0.3648896763690086,-0.5484642268462742,1.2215612297409535
-1.7212974442090552,-0.0010072363518440087,1.0436132697919953,1.483492971044891,-0.08010100850700573,2.307350617162074,0.935353363126327,-0.1382327032752274,0.8864052604279182,-0.780805960329528,1.6870547845739468,-0.6919126161531287,1.0672569667868559,1.038230262476527,-0.5908235884319065,-0.6605041325807084,-0.5097475058154178,2.7405543778353203,-0.5484642268462742,1.2215612297409535
0.5737880971202478,0.5473382746862406,-0.5343429523695896,-1.7880728414677425,-0.15026618104006628,-1.4207361938499827,0.07021186370991576,-0.1382327032752274,0.8864052604279182,-0.780805960329528,-0.5927489783638191,1.4452692098024813,-0.9369814684936247,-0.9631774724179828,-0.5908235884319065,-0.6605041325807084,-0.5097475058154178,-0.3648896763690086,-0.5484642268462742,1.2215612297409535
-0.8513931768935601,0.29454170010597147,-0.6373880872550429,-1.6020426285993765,-1.033578421558983,-0.03532581879349794,-1.5334941869681253,-0.1382327032752274,0.8864052604279182,1.280727928329292,-0.5927489783638191,-0.6919126161531287,-0.9369814684936247,-0.9631774724179828,-0.5908235884319065,-0.6605041325807084,-0.5097475058154178,-0.3648896763690086,-0.5484642268462742,-0.818624540181307
0.8420679992329164,0.29454170010597147,-0.8856896170995093,-1.2460192901788842,-0.10989717766488023,-1.3908468738050324,-0.8182150176783666,-0.1382327032752274,0.8864052604279182,1.280727928329292,-0.5927489783638191,-0.6919126161531287,1.0672569667868559,-0.9631774724179828,-0.5908235884319065,-0.6605041325807084,-0.5097475058154178,-0.3648896763690086,-0.5484642268462742,-0.818624540181307
-0.5733090258664758,-0.7742673468326672,1.0237491474044367,-0.9477294660968503,-0.5972087184081797,0.0422248494312383,-0.34992011357741754,-0.1382327032752274,0.8864052604279182,-0.780805960329528,-0.5927489783638191,-0.6919126161531287,-0.9369814684936247,1.038230262476527,1.6925525987445438,-0.6605041325807084,-0.5097475058154178,-0.3648896763690086,1.8232729703268034,-0.818624540181307
0.5818097553229525,1.0269082470517512,1.7314085074611663,1.3455740201252409,1.918164658564627,0.15047265716159947,1.2161710892999085,7.234178138070234,0.8864052604279182,-0.780805960329528,-0.5927489783638191,-0.6919126161531287,1.0672569667868559,1.038230262476527,-0.5908235884319065,-0.6605041325807084,-0.5097475058154178,2.7405543778353203,-0.5484642268462742,-0.818624540181307
0.12903171454808418,-0.3560377197697216,-0.1407850275661102,-0.6366099721618258,-0.3598005318922138,-0.4376199102093172,-1.0052941548882643,-0.1382327032752274,0.8864052604279182,-0.780805960329528,-0.5927489783638191,-0.6919126161531287,1.0672569667868559,1.038230262476527,1.6925525987445438,-0.6605041325807084,-0.5097475058154178,-0.3648896763690086,-0.5484642268462742,-0.818624540181307
0.19142238945800727,-1.8430763937713057,0.8151758623350858,-0.47463539026781715,-0.6765049750380053,-0.4125775069284126,-0.24264814021982947,-0.1382327032752274,-1.1281521496355325,1.280727928329292,-0.5927489783638191,1.4452692098024813,-0.9369814684936247,1.038230262476527,1.6925525987445438,-0.6605041325807084,-0.5097475058154178,-0.3648896763690086,-0.5484642268462742,1.2215612297409535
0.8688068599085974,0.44138676916362773,2.6999396623107375,-1.1321559702335915,1.402558771705686,-1.3577262759173845,0.6591752990657308,-0.1382327032752274,0.8864052604279182,-0.780805960329528,1.6870547845739468,-0.6919126161531287,-0.9369814684936247,-0.9631774724179828,1.6925525987445438,-0.6605041325807084,-0.5097475058154178,-0.3648896763690086,-0.5484642268462742,-0.818624540181307
-0.10537896404205399,-0.4350366493260559,-0.37542997326913097,2.1714840169115166,0.223627683553906,1.1893284835887932,0.1758916741976332,-0.1382327032752274,-1.1281521496355325,-0.780805960329528,-0.5927489783638191,1.4452692098024813,-0.9369814684936247,1.038230262476527,-0.5908235884319065,-0.6605041325807084,-0.5097475058154178,2.7405543778353203,1.8232729703268034,-0.818624540181307
-0.8282194976413032,-0.8133021120252089,-0.03525687738221267,-0.7729252143498512,-1.1123940948152964,0.3613135363976009,-0.6256628206032864,-0.1382327032752274,-1.1281521496355325,-0.780805960329528,-0.5927489783638191,1.4452692098024813,1.0672569667868559,-0.9631774724179828,1.6925525987445438,-0.6605041325807084,-0.5097475058154178,-0.3648896763690086,-0.5484642268462742,1.2215612297409535
-1.6633632460784127,1.0269082470517512,-0.6845653779254919,-1.760809793030137,-1.1585300986726506,0.620623583274062,-0.016461502518710713,-0.1382327032752274,-1.1281521496355325,-0.780805960329528,-0.5927489783638191,-0.6919126161531287,1.0672569667868559,1.038230262476527,-0.5908235884319065,-0.6605041325807084,-0.5097475058154178,-0.3648896763690086,-0.5484642268462742,1.2215612297409535
0.2386610433183775,1.6616878810161773,-1.5064434417106753,0.13798134521248956,0.44613778549093475,-0.14680490436655638,-0.41728850500885634,-0.1382327032752274,-1.1281521496355325,-0.780805960329528,1.6870547845739468,-0.6919126161531287,1.0672569667868559,-0.9631774724179828,-0.5908235884319065,1.5139950693310888,-0.5097475058154178,-0.3648896763690086,-0.5484642268462742,-0.818624540181307
0.007815546151662765,0.15048482856206827,1.7910008746238386,1.4353817090961762,1.2054595156432155,0.715946279633634,0.8726619501251409,-0.1382327032752274,0.8864052604279182,1.280727928329292,1.6870547845739468,-0.6919126161531287,-0.9369814684936247,1.038230262476527,-0.5908235884319065,-0.6605041325807084,-0.5097475058154178,2.7405543778353203,1.8232729703268034,-0.818624540181307
-0.08577046621322121,0.6263372042425743,0.4750027664481657,-1.254037833837003,0.08570025535535869,-0.5539459125464212,-0.5319242316396012,-0.1382327032752274,-1.1281521496355325,1.280727928329292,-0.5927489783638191,-0.6919126161531287,-0.9369814684936247,-0.9631774724179828,-0.5908235884319065,-0.6605041325807084,-0.5097475058154178,-0.3648896763690086,-0.5484642268462742,-0.818624540181307
-2.4673116570605615,0.868910387939084,-0.7913350357586124,-0.7616992532284843,-1.4156422035026943,1.8525482608024235,-0.6823836228424556,-0.1382327032752274,0.8864052604279182,1.280727928329292,-0.5927489783638191,1.4452692098024813,-0.9369814684936247,-0.9631774724179828,1.6925525987445438,-0.6605041325807084,-0.5097475058154178,-0.3648896763690086,-0.5484642268462742,1.2215612297409535
-0.14013948292043962,-1.1581092045593262,0.13110514761358025,-0.0015413144387851987,-0.6241213873249695,0.1262380733413685,-0.2899154754191383,-0.1382327032752274,0.8864052604279182,-0.780805960329528,-0.5927489783638191,1.4452692098024813,1.0672569667868559,-0.9631774724179828,-0.5908235884319065,1.5139950693310888,-0.5097475058154178,-0.3648896763690086,-0.5484642268462742,1.2215612297409535
0.304616899651724,-0.5289059656224057,1.9499138537242973,-0.8162253501036953,0.4009629483806093,-0.6872361235576865,1.1058143003819412,-0.1382327032752274,-1.1281521496355325,-0.780805960329528,-0.5927489783638191,1.4452692098024813,-0.9369814684936247,1.038230262476527,1.6925525987445438,-0.6605041325807084,-0.5097475058154178,-0.3648896763690086,-0.5484642268462742,1.2215612297409535
-0.42357140608266103,0.7545942898752118,1.5973256813451546,0.7810685465936477,1.0141873329846023,0.7773405586448827,0.431234794453274,-0.1382327032752274,-1.1281521496355325,-0.780805960329528,-0.5927489783638191,1.4452692098024813,1.0672569667868559,-0.9631774724179828,-0.5908235884319065,-0.6605041325807084,1.9617555526835775,-0.3648896763690086,-0.5484642268462742,-0.818624540181307
0.8108726617779555,-1.3542124296932851,0.11620705582291169,-1.254037833837003,-0.5938446347935814,-1.3666122899848026,-0.6524310588529997,-0.1382327032752274,0.8864052604279182,-0.780805960329528,-0.5927489783638191,-0.6919126161531287,-0.9369814684936247,1.038230262476527,-0.5908235884319065,-0.6605041325807084,-0.5097475058154178,-0.3648896763690086,1.8232729703268034,-0.818624540181307
-0.5483527559025065,1.196058896219432,1.6358124184710472,-1.061592786042143,0.6378905515230616,-0.03774927717552104,1.4759921676270615,-0.1382327032752274,0.8864052604279182,-0.780805960329528,-0.5927489783638191,-0.6919126161531287,-0.9369814684936247,-0.9631774724179828,1.6925525987445438,-0.6605041325807084,-0.5097475058154178,-0.3648896763690086,-0.5484642268462742,1.2215612297409535
0.9757623026113225,-0.12368792695697407,0.10751650227835621,0.4266489169047802,0.6316429676673785,-0.6694640954228512,1.3333940805941984,-0.1382327032752274,0.8864052604279182,-0.780805960329528,-0.5927489783638191,1.4452692098024813,1.0672569667868559,-0.9631774724179828,-0.5908235884319065,1.5139950693310888,-0.5097475058154178,-0.3648896763690086,-0.5484642268462742,1.2215612297409535
-1.1722595050017348,-0.530764763964908,-1.233311758881762,0.07222928721591156,-1.3622974490426285,1.0988527039932685,-1.3002423265319563,-0.1382327032752274,0.8864052604279182,1.280727928329292,-0.5927489783638191,-0.6919126161531287,-0.9369814684936247,1.038230262476527,-0.5908235884319065,1.5139950693310888,-0.5097475058154178,-0.3648896763690086,1.8232729703268034,-0.818624540181307
-2.1883362106776203,-0.6348574711450187,-0.1407850275661102,0.11552942296975571,-1.528098712904993,2.041578014600218,-0.2151833307145455,-0.1382327032752274,-1.1281521496355325,-0.780805960329528,-0.5927489783638191,-0.6919126161531287,-0.9369814684936247,1.038230262476527,-0.5908235884319065,1.5139950693310888,-0.5097475058154178,-0.3648896763690086,-0.5484642268462742,1.2215612297409535
0.5746793924761043,-0.4489776368948206,0.23166726720058942,-0.6750989817207971,-0.03492617139668031,-0.8609173076026684,0.00015669743557013182,-0.1382327032752274,0.8864052604279182,-0.780805960329528,-0.5927489783638191,-0.6919126161531287,-0.9369814684936247,-0.9631774724179828,1.6925525987445438,-0.6605041325807084,-0.5097475058154178,-0.3648896763690086,1.8232729703268034,-0.818624540181307
-1.3861703904071843,-0.26309780264462257,-0.6373880872550429,0.11713313170137923,-1.0950930933687881,1.3153483194539901,-1.4849332194370468,-0.1382327032752274,-1.1281521496355325,1.280727928329292,-0.5927489783638191,-0.6919126161531287,-0.9369814684936247,-0.9631774724179828,-0.5908235884319065,1.5139950693310888,-0.5097475058154178,-0.3648896763690086,-0.5484642268462742,-0.818624540181307
0.5185277850571742,-0.31235595872092514,0.9765718567339886,0.2390149953047907,0.5677253789900011,-0.3495675889958149,-0.122141313006431,-0.1382327032752274,-1.1281521496355325,-0.780805960329528,1.6870547845739468,-0.6919126161531287,1.0672569667868559,-0.9631774724179828,-0.5908235884319065,1.5139950693310888,-0.5097475058154178,-0.3648896763690086,-0.5484642268462742,-0.818624540181307
1.4561704994177282,-0.43968364518231057,-0.5517240594587023,1.661504640255137,0.8421384852665547,-0.4828578000070795,0.0741922708845965,-0.1382327032752274,-1.1281521496355325,-0.780805960329528,-0.5927489783638191,1.4452692098024813,1.0672569667868559,1.038230262476527,-0.5908235884319065,-0.6605041325807084,-0.5097475058154178,2.7405543778353203,-0.5484642268462742,-0.818624540181307
-0.3781153429340025,-0.46849501949109146,-0.6088334113229297,-0.37680915763876305,-0.794728484922476,0.152896115543622,-0.4508234354555232,-0.1382327032752274,-1.1281521496355325,1.280727928329292,-0.5927489783638191,-0.6919126161531287,-0.9369814684936247,1.038230262476527,1.6925525987445438,-0.6605041325807084,-0.5097475058154178,-0.3648896763690086,-0.5484642268462742,1.2215612297409535
1.3750626220348288,0.03059233547068997,0.20311259126847528,-0.9204664176592446,0.5600360450137742,-1.709935560771395,-0.5548115728940054,-0.1382327032752274,-1.1281521496355325,-0.780805960329528,1.6870547845739468,-0.6919126161531287,1.0672569667868559,-0.9631774724179828,1.6925525987445438,-0.6605041325807084,-0.5097475058154178,-0.3648896763690086,-0.5484642268462742,-0.818624540181307
0.018511090421935654,-0.8449016838477422,0.6078440849149561,-0.9765962232660793,-0.4842716256323662,-0.5087080227486589,-0.8358283194263191,-0.1382327032752274,0.8864052604279182,-0.780805960329528,-0.5927489783638191,1.4452692098024813,1.0672569667868559,-0.9631774724179828,1.6925525987445438,-0.6605041325807084,-0.5097475058154178,-0.3648896763690086,-0.5484642268462742,-0.818624540181307
-0.29611617019524666,-0.3504613247422154,-0.7987840816539458,-0.7697177968866041,-0.8807529087814985,-0.1193390427036293,-1.1403294682892373,-0.1382327032752274,-1.1281521496355325,-0.780805960329528,-0.5927489783638191,1.4452692098024813,-0.9369814684936247,1.038230262476527,1.6925525987445438,-0.6605041325807084,-0.5097475058154178,-0.3648896763690086,-0.5484642268462742,-0.818624540181307
-0.7239379410061464,-0.6794686313650659,2.159728646442871,1.7336715331782102,0.6138613828473566,1.5294204765326895,1.425341486329274,-0.1382327032752274,-1.1281521496355325,-0.780805960329528,-0.5927489783638191,1.4452692098024813,1.0672569667868559,-0.9631774724179828,-0.5908235884319065,-0.6605041325807084,-0.5097475058154178,2.7405543778353203,-0.5484642268462742,1.2215612297409535
-1.2667368127224745,-0.34488492971470996,0.2192521907083668,-0.24851245910885633,-0.850956739623624,1.0229176746898805,-0.10373192982354185,-0.1382327032752274,0.8864052604279182,-0.780805960329528,-0.5927489783638191,1.4452692098024813,1.0672569667868559,-0.9631774724179828,-0.5908235884319065,1.5139950693310888,-0.5097475058154178,-0.3648896763690086,-0.5484642268462742,1.2215612297409535
0.7903728685932663,2.3342243563126774,0.12241459406902476,0.21335565559880984,1.7444938419609695,-0.608877635872276,1.780642581759034,-0.1382327032752274,-1.1281521496355325,1.280727928329292,-0.5927489783638191,-0.6919126161531287,-0.9369814684936247,1.038230262476527,-0.5908235884319065,1.5139950693310888,-0.5097475058154178,-0.3648896763690086,-0.5484642268462742,1.2215612297409535
-1.3291274876323977,-0.31700295457717986,-0.5380674753172567,0.904554118928685,-0.817796486851151,1.6602872291619315,-0.26016193178841446,-0.1382327032752274,-1.1281521496355325,-0.780805960329528,-0.5927489783638191,-0.6919126161531287,1.0672569667868559,-0.9631774724179828,-0.5908235884319065,-0.6605041325807084,1.9617555526835775,-0.3648896763690086,-0.5484642268462742,1.2215612297409535
1.1914557787284843,1.084530995669313,0.10751650227835621,-0.19398636223364524,1.1867167640761662,-1.1775825361870078,0.7226005996397535,-0.1382327032752274,0.8864052604279182,1.280727928329292,-0.5927489783638191,-0.6919126161531287,-0.9369814684936247,-0.9631774724179828,-0.5908235884319065,1.5139950693310888,-0.5097475058154178,-0.3648896763690086,1.8232729703268034,-0.818624540181307
-0.6633298568079357,-0.9675823744528729,-0.0029776785024314043,1.7320678244465855,-0.34009661357813575,1.47368093374616,0.43561324234542165,-0.1382327032752274,-1.1281521496355325,-0.780805960329528,-0.5927489783638191,1.4452692098024813,-0.9369814684936247,1.038230262476527,-0.5908235884319065,-0.6605041325807084,-0.5097475058154178,2.7405543778353203,-0.5484642268462742,1.2215612297409535
-1.6054290479477702,-0.5186825747386449,1.3266770138146853,-0.5917061276763581,-0.7976119851635608,1.1570157051618204,0.4801938027018208,-0.1382327032752274,0.8864052604279182,-0.780805960329528,-0.5927489783638191,1.4452692098024813,-0.9369814684936247,1.038230262476527,1.6925525987445438,-0.6605041325807084,-0.5097475058154178,-0.3648896763690086,-0.5484642268462742,1.2215612297409535
-0.4244627014385169,-0.46849501949109146,-0.11843788988010735,0.9141763713184284,-0.24301877212828818,0.8451973933415278,-0.38365406438282207,-0.1382327032752274,0.8864052604279182,-0.780805960329528,-0.5927489783638191,-0.6919126161531287,1.0672569667868559,1.038230262476527,-0.5908235884319065,-0.6605041325807084,1.9617555526835775,-0.3648896763690086,1.8232729703268034,-0.818624540181307
1.6477990009267773,-1.0400755098104502,-1.2742815113060997,-0.9525405922917219,-0.4280433709312156,-1.9732847049512288,-1.1056999258695344,-0.1382327032752274,0.8864052604279182,-0.780805960329528,-0.5927489783638191,1.4452692098024813,1.0672569667868559,1.038230262476527,1.6925525987445438,-0.6605041325807084,-0.5097475058154178,-0.3648896763690086,-0.5484642268462742,-0.818624540181307
1.1763037576789315,-0.5660819324724452,-0.5703466741970371,1.0488879047748292,0.4350843679001095,-0.5377895233329348,0.8876879872095483,-0.1382327032752274,0.8864052604279182,-0.780805960329528,-0.5927489783638191,-0.6919126161531287,-0.9369814684936247,-0.9631774724179828,-0.5908235884319065,-0.6605041325807084,1.9617555526835775,-0.3648896763690086,-0.5484642268462742,1.2215612297409535
0.03811958825076844,0.0324511338131929,-0.2885244378235674,0.6832423139645936,0.13039450909217046,0.3096130909144423,0.25161892069589764,-0.1382327032752274,0.8864052604279182,1.280727928329292,-0.5927489783638191,1.4452692098024813,-0.9369814684936247,1.038230262476527,-0.5908235884319065,-0.6605041325807084,1.9617555526835775,-0.3648896763690086,-0.5484642268462742,1.2215612297409535
-0.4307017689295092,0.3307882677847601,0.5979120237211777,-0.019182110486647343,0.16451592861167066,0.38070120345378455,-0.6865630503758697,-0.1382327032752274,-1.1281521496355325,1.280727928329292,-0.5927489783638191,-0.6919126161531287,-0.9369814684936247,-0.9631774724179828,-0.5908235884319065,1.5139950693310888,-0.5097475058154178,-0.3648896763690086,-0.5484642268462742,-0.818624540181307
0.042576065030048384,1.6430998975911586,0.04171659686957248,-0.06889708116698559,0.8680899874363172,-0.0732933334451916,0.27759107751067563,-0.1382327032752274,0.8864052604279182,1.280727928329292,-0.5927489783638191,1.4452692098024813,-0.9369814684936247,-0.9631774724179828,-0.5908235884319065,1.5139950693310888,-0.5097475058154178,-0.3648896763690086,-0.5484642268462742,-0.818624540181307
-2.0894024261776,0.2294837581184019,0.8834587830423137,-0.11219721692082975,-0.6995729769666831,1.8371996910496107,0.8342510208894892,-0.1382327032752274,0.8864052604279182,-0.780805960329528,-0.5927489783638191,1.4452692098024813,-0.9369814684936247,-0.9631774724179828,-0.5908235884319065,1.5139950693310888,-0.5097475058154178,-0.3648896763690086,-0.5484642268462742,1.2215612297409535
-1.5376906009027114,-1.165544397929334,-0.9862517366865186,-0.030408071608014262,-1.8226963208691382,1.3783582373865884,-1.504735745131073,-0.1382327032752274,0.8864052604279182,1.280727928329292,1.6870547845739468,-0.6919126161531287,-0.9369814684936247,-0.9631774724179828,-0.5908235884319065,1.5139950693310888,-0.5097475058154178,-0.3648896763690086,1.8232729703268034,-0.818624540181307
-0.494875034551144,-1.4713167252709096,-1.7547449715551418,0.09147379199539836,-1.679482475561935,0.4946037474088661,-1.6230533483983962,-0.1382327032752274,0.8864052604279182,-0.780805960329528,1.6870547845739468,-0.6919126161531287,-0.9369814684936247,1.038230262476527,-0.5908235884319065,1.5139950693310888,-0.5097475058154178,-0.3648896763690086,1.8232729703268034,-0.818624540181307
-1.6713849042811173,-1.7752302542699838,1.5563559289208178,-0.9140515827327494,-1.4906132097708944,1.0544226336561802,-1.3504949671122743,-0.1382327032752274,0.8864052604279182,-0.780805960329528,-0.5927489783638191,-0.6919126161531287,1.0672569667868559,1.038230262476527,1.6925525987445438,-0.6605041325807084,-0.5097475058154178,-0.3648896763690086,-0.5484642268462742,-0.818624540181307
-1.799731435524387,-0.0809355650794291,0.27139551197570316,-0.6654767293310548,-1.106627094333127,1.295960652397806,-0.24424030308970007,-0.1382327032752274,0.8864052604279182,-0.780805960329528,1.6870547845739468,-0.6919126161531287,-0.9369814684936247,-0.9631774724179828,1.6925525987445438,-0.6605041325807084,-0.5097475058154178,-0.3648896763690086,-0.5484642268462742,1.2215612297409535
-1.4993649006009016,0.762958882416471,1.510420145899591,0.10590717058001231,0.20248201511928565,1.4122866547349107,-0.04432435274146445,-0.1382327032752274,-1.1281521496355325,1.280727928329292,-0.5927489783638191,-0.6919126161531287,-0.9369814684936247,-0.9631774724179828,-0.5908235884319065,1.5139950693310888,-0.5097475058154178,-0.3648896763690086,-0.5484642268462742,-0.818624540181307
0.21103088728684005,0.46648054678740414,-0.3059055449126801,1.3792519034893405,0.6499051358609141,0.5034897614762831,0.43033920283896704,-0.1382327032752274,0.8864052604279182,-0.780805960329528,-0.5927489783638191,1.4452692098024813,-0.9369814684936247,1.038230262476527,-0.5908235884319065,-0.6605041325807084,-0.5097475058154178,2.7405543778353203,1.8232729703268034,-0.818624540181307
1.7912975532195998,-0.21941604159582614,-0.565380643600148,0.405800703393671,0.7551528946605022,-1.4191205549286343,0.31192208939227634,-0.1382327032752274,0.8864052604279182,1.280727928329292,1.6870547845739468,-0.6919126161531287,-0.9369814684936247,1.038230262476527,-0.5908235884319065,1.5139950693310888,-0.5097475058154178,-0.3648896763690086,1.8232729703268034,-0.818624540181307
-0.3727675707988667,0.7917702567252507,-0.9899762596341857,0.15241472379710352,-0.12912051260544594,0.41462962080210675,-0.6555158744133762,-0.1382327032752274,0.8864052604279182,1.280727928329292,-0.5927489783638191,-0.6919126161531287,-0.9369814684936247,1.038230262476527,-0.5908235884319065,1.5139950693310888,-0.5097475058154178,-0.3648896763690086,-0.5484642268462742,-0.818624540181307
1.9570784894088233,-0.48987120042986393,-0.1445095505137773,-0.5564245355806338,0.57925937995434,-2.0540666510186623,1.0368537460806344,-0.1382327032752274,0.8864052604279182,1.280727928329292,1.6870547845739468,-0.6919126161531287,1.0672569667868559,-0.9631774724179828,1.6925525987445438,-0.6605041325807084,-0.5097475058154178,-0.3648896763690086,-0.5484642268462742,1.2215612297409535
0.43652861231841833,-1.207367360635628,-0.32701117494945997,-0.6927397777686592,-0.7231215622688731,-0.7445913052655644,-1.4139824615483985,-0.1382327032752274,0.8864052604279182,-0.780805960329528,-0.5927489783638191,1.4452692098024813,1.0672569667868559,-0.9631774724179828,1.6925525987445438,-0.6605041325807084,-0.5097475058154178,-0.3648896763690086,-0.5484642268462742,-0.818624540181307
-0.584004570136748,-0.4489776368948206,-0.1407850275661102,-0.8643366120524101,-0.8605684070939068,0.09392529491439579,-1.061815936768703,-0.1382327032752274,0.8864052604279182,1.280727928329292,-0.5927489783638191,-0.6919126161531287,-0.9369814684936247,-0.9631774724179828,1.6925525987445438,-0.6605041325807084,-0.5097475058154178,-0.3648896763690086,-0.5484642268462742,-0.818624540181307
-0.41287586181238817,0.45068076087613845,-0.9626630913512936,1.2653885835440488,0.0169768329428446,1.0116082022404405,-0.548144390876418,-0.1382327032752274,-1.1281521496355325,1.280727928329292,-0.5927489783638191,1.4452692098024813,-0.9369814684936247,1.038230262476527,-0.5908235884319065,-0.6605041325807084,-0.5097475058154178,2.7405543778353203,-0.5484642268462742,-0.818624540181307
-0.2052040438979309,-0.7463853716951377,0.28381058846792756,-1.1530041837447018,-0.7322526463656424,-0.3948054787935773,-0.8853843887510677,-0.1382327032752274,0.8864052604279182,-0.780805960329528,-0.5927489783638191,-0.6919126161531287,1.0672569667868559,1.038230262476527,1.6925525987445438,-0.6605041325807084,-0.5097475058154178,-0.3648896763690086,-0.5484642268462742,-0.818624540181307
-0.40574549896553996,-0.6348574711450187,-1.1339911469439758,-1.2267747853993987,-1.3536469483193743,-0.2502057953328714,-0.9328507443091129,-0.1382327032752274,0.8864052604279182,1.280727928329292,-0.5927489783638191,-0.6919126161531287,1.0672569667868559,-0.9631774724179828,-0.5908235884319065,-0.6605041325807084,-0.5097475058154178,-0.3648896763690086,-0.5484642268462742,1.2215612297409535
-0.17757388786639347,-0.9062420291503079,-1.2506928659708747,1.2509552049594337,-0.673621474796922,0.7910734894763466,-1.0942562552423336,-0.1382327032752274,-1.1281521496355325,1.280727928329292,1.6870547845739468,-0.6919126161531287,-0.9369814684936247,1.038230262476527,-0.5908235884319065,-0.6605041325807084,1.9617555526835775,-0.3648896763690086,-0.5484642268462742,-0.818624540181307
-1.3861703904071843,-1.6571965595211078,-1.0098403820217425,-0.25813471149859857,-2.0725996750964706,1.126318565656196,-2.045772590349273,-0.1382327032752274,0.8864052604279182,1.280727928329292,-0.5927489783638191,-0.6919126161531287,-0.9369814684936247,1.038230262476527,-0.5908235884319065,1.5139950693310888,-0.5097475058154178,-0.3648896763690086,-0.5484642268462742,-0.818624540181307
1.6326469798772245,-0.31235595872092514,0.45017261346372045,0.867668818101336,1.1530759279301797,-1.0426766862543944,0.9905815126749944,-0.1382327032752274,-1.1281521496355325,-0.780805960329528,-0.5927489783638191,1.4452692098024813,-0.9369814684936247,1.038230262476527,-0.5908235884319065,-0.6605041325807084,1.9617555526835775,-0.3648896763690086,-0.5484642268462742,1.2215612297409535
1.5818431445934296,-0.7222209932426115,-1.5660358088733468,-0.2789829250097089,-0.2103391027293262,-1.574221891378106,0.5197988540898734,-0.1382327032752274,-1.1281521496355325,1.280727928329292,1.6870547845739468,-0.6919126161531287,1.0672569667868559,-0.9631774724179828,-0.5908235884319065,1.5139950693310888,-0.5097475058154178,-0.3648896763690086,-0.5484642268462742,1.2215612297409535
0.05416290465617651,-1.2157319531768873,0.9356021043096518,-0.3719980314438913,-0.34874711430138994,-0.23647286450140698,-0.4608739635715896,-0.1382327032752274,0.8864052604279182,1.280727928329292,-0.5927489783638191,1.4452692098024813,1.0672569667868559,-0.9631774724179828,1.6925525987445438,-0.6605041325807084,-0.5097475058154178,-0.3648896763690086,1.8232729703268034,-0.818624540181307
-0.5242877812943931,0.402352003971086,1.0038850250168798,1.0071914777526108,0.6157837163414112,0.9825267016561644,0.15409894491627082,-0.1382327032752274,-1.1281521496355325,1.280727928329292,-0.5927489783638191,1.4452692098024813,-0.9369814684936247,-0.9631774724179828,-0.5908235884319065,-0.6605041325807084,1.9617555526835775,-0.3648896763690086,-0.5484642268462742,-0.818624540181307
-0.7230466456502905,-0.508459183854884,-0.07622662980654941,-1.0295186114096657,-0.9908065013162286,0.13673972633013565,0.06782361940510846,-0.1382327032752274,-1.1281521496355325,-0.780805960329528,-0.5927489783638191,1.4452692098024813,-0.9369814684936247,-0.9631774724179828,1.6925525987445438,-0.6605041325807084,-0.5097475058154178,-0.3648896763690086,-0.5484642268462742,1.2215612297409535
-0.10359637333034227,0.5965964307625432,-1.1327496392947536,0.10751087931163583,-0.15363026465466467,0.1480491987795758,-0.44823617079198386,-0.1382327032752274,0.8864052604279182,1.280727928329292,1.6870547845739468,-0.6919126161531287,1.0672569667868559,1.038230262476527,-0.5908235884319065,1.5139950693310888,-0.5097475058154178,-0.3648896763690086,1.8232729703268034,-0.818624540181307
1.0319139100302526,-0.19711046148580286,-0.163132165252113,-2.007780937700208,-0.21033910272932896,-1.9466266627489746,-0.6230755559397456,-0.1382327032752274,-1.1281521496355325,1.280727928329292,-0.5927489783638191,1.4452692098024813,-0.9369814684936247,1.038230262476527,-0.5908235884319065,-0.6605041325807084,-0.5097475058154178,-0.3648896763690086,-0.5484642268462742,-0.818624540181307
-0.3380070519204811,-0.6534454545700387,-0.2847999148759003,-0.038426615266133,-0.6419029721449901,0.28699414601556195,-0.9085702605435715,-0.1382327032752274,-1.1281521496355325,-0.780805960329528,1.6870547845739468,-0.6919126161531287,-0.9369814684936247,-0.9631774724179828,-0.5908235884319065,1.5139950693310888,-0.5097475058154178,-0.3648896763690086,-0.5484642268462742,-0.818624540181307
-2.1357497846821136,-0.5437763523624218,-1.1997910523527595,0.784275964056897,-1.6621814741154282,2.3307773815216293,-1.6716143159294763,-0.1382327032752274,-1.1281521496355325,-0.780805960329528,-0.5927489783638191,-0.6919126161531287,1.0672569667868559,1.038230262476527,-0.5908235884319065,-0.6605041325807084,1.9617555526835775,-0.3648896763690086,-0.5484642268462742,-0.818624540181307
-0.7622636413079561,-0.26309780264462257,-1.0098403820217425,-1.1064966305276107,-1.2695448579544066,0.1335084484874378,-0.5348100268412429,-0.1382327032752274,0.8864052604279182,-0.780805960329528,-0.5927489783638191,1.4452692098024813,-0.9369814684936247,1.038230262476527,1.6925525987445438,-0.6605041325807084,-0.5097475058154178,-0.3648896763690086,-0.5484642268462742,1.2215612297409535
-1.852317861519893,2.3342243563126774,2.1944908606210967,1.148317846135508,1.4018378966454155,2.2572658106002645,0.9656542127435703,-0.1382327032752274,-1.1281521496355325,-0.780805960329528,-0.5927489783638191,1.4452692098024813,1.0672569667868559,1.038230262476527,-0.5908235884319065,-0.6605041325807084,1.9617555526835775,-0.3648896763690086,-0.5484642268462742,-0.818624540181307
-1.5751250058486646,0.3391528603260194,-0.21775850181789533,0.6046605861150263,-0.5770242167205867,1.732183161161947,-1.0492776541684632,-0.1382327032752274,0.8864052604279182,1.280727928329292,-0.5927489783638191,1.4452692098024813,1.0672569667868559,-0.9631774724179828,-0.5908235884319065,-0.6605041325807084,1.9617555526835775,-0.3648896763690086,-0.5484642268462742,-0.818624540181307
-0.8513931768935601,-0.6348574711450187,0.7282703268895222,-1.3759196974404155,-0.9177578285420848,0.07857672516158304,-0.5320237418189686,-0.1382327032752274,0.8864052604279182,-0.780805960329528,-0.5927489783638191,1.4452692098024813,-0.9369814684936247,-0.9631774724179828,-0.5908235884319065,-0.6605041325807084,-0.5097475058154178,-0.3648896763690086,1.8232729703268034,-0.818624540181307
-1.0581736994521616,-0.5112473813686371,-1.1501307463838664,-0.6253840110404588,-1.4675452078422166,0.6440503476336176,-1.4332874363455888,-0.1382327032752274,0.8864052604279182,1.280727928329292,-0.5927489783638191,-0.6919126161531287,-0.9369814684936247,1.038230262476527,1.6925525987445438,-0.6605041325807084,-0.5097475058154178,-0.3648896763690086,1.8232729703268034,-0.818624540181307
0.7939380500166897,-0.16551088966326888,-1.6454922984235762,0.37853765495606545,-0.1810235169449681,-0.5289035092655161,-0.7073606778635662,-0.1382327032752274,-1.1281521496355325,1.280727928329292,1.6870547845739468,-0.6919126161531287,1.0672569667868559,1.038230262476527,-0.5908235884319065,1.5139950693310888,-0.5097475058154178,-0.3648896763690086,-0.5484642268462742,-0.818624540181307
0.7199605354806384,0.9581327083791784,0.1261391170166919,-0.7600955444968608,0.704691640441521,-1.0354063111083245,0.35560705813437987,-0.1382327032752274,-1.1281521496355325,-0.780805960329528,-0.5927489783638191,1.4452692098024813,-0.9369814684936247,-0.9631774724179828,1.6925525987445438,-0.6605041325807084,-0.5097475058154178,-0.3648896763690086,1.8232729703268034,-0.818624540181307
1.6745378616024584,-0.09208835513444008,-0.8186482040415035,-1.042348281262656,0.22603060042147705,-2.0427571785692207,0.04394117635703545,-0.1382327032752274,-1.1281521496355325,-0.780805960329528,-0.5927489783638191,-0.6919126161531287,-0.9369814684936247,-0.9631774724179828,1.6925525987445438,-0.6605041325807084,-0.5097475058154178,-0.3648896763690086,1.8232729703268034,-0.818624540181307
-0.6963077849746089,-2.3174184957985315,0.4054783380917166,-0.6590618944045584,-1.6143033555290858,0.29911143792567685,-1.9115831134729178,-0.1382327032752274,0.8864052604279182,-0.780805960329528,-0.5927489783638191,1.4452692098024813,1.0672569667868559,-0.9631774724179828,1.6925525987445438,-0.6605041325807084,-0.5097475058154178,-0.3648896763690086,-0.5484642268462742,-0.818624540181307
-0.6178737936592777,-0.313285357892176,-0.5554485824063695,-0.027200654144766082,-0.7183157285337324,0.5463041928920236,0.5168135487088643,-0.1382327032752274,0.8864052604279182,1.280727928329292,-0.5927489783638191,-0.6919126161531287,1.0672569667868559,1.038230262476527,-0.5908235884319065,1.5139950693310888,-0.5097475058154178,-0.3648896763690086,-0.5484642268462742,1.2215612297409535
1.1941296647960526,2.111517079901657,-0.2761093613313448,-0.9316923787806116,1.3496345276974457,-1.5516029464792254,1.2714987490279435,-0.1382327032752274,0.8864052604279182,-0.780805960329528,-0.5927489783638191,1.4452692098024813,-0.9369814684936247,-0.9631774724179828,1.6925525987445438,-0.6605041325807084,-0.5097475058154178,-0.3648896763690086,-0.5484642268462742,1.2215612297409535
-0.13835689220872788,0.6839599528601361,-0.9080367547855113,0.870876235564583,0.18854509728737573,0.5640762210268583,0.04851864460791517,-0.1382327032752274,-1.1281521496355325,-0.780805960329528,-0.5927489783638191,-0.6919126161531287,1.0672569667868559,-0.9631774724179828,-0.5908235884319065,-0.6605041325807084,1.9617555526835775,-0.3648896763690086,1.8232729703268034,-0.818624540181307
1.3162371285483292,0.298259296790976,-0.15568311935677873,0.4122155383201651,0.9272017423785498,-0.9853215045465159,0.0252332626360468,-0.1382327032752274,-1.1281521496355325,-0.780805960329528,-0.5927489783638191,-0.6919126161531287,1.0672569667868559,1.038230262476527,-0.5908235884319065,1.5139950693310888,-0.5097475058154178,-0.3648896763690086,-0.5484642268462742,-0.818624540181307
-0.25333399311415766,-1.7984652335512585,2.13241547815998,0.24542983023128592,-0.16756718248657185,0.3532353417908574,0.8420128148801129,-0.1382327032752274,-1.1281521496355325,-0.780805960329528,-0.5927489783638191,-0.6919126161531287,1.0672569667868559,-0.9631774724179828,-0.5908235884319065,1.5139950693310888,-0.5097475058154178,-0.3648896763690086,-0.5484642268462742,1.2215612297409535
1.3465411706474348,-0.4127310692160319,0.12241459406902476,0.09147379199539836,0.5874292973040804,-1.17435125834431,-0.09318385081064387,-0.1382327032752274,0.8864052604279182,-0.780805960329528,1.6870547845739468,-0.6919126161531287,1.0672569667868559,1.038230262476527,-0.5908235884319065,1.5139950693310888,-0.5097475058154178,-0.3648896763690086,-0.5484642268462742,-0.818624540181307
1.5060830393456666,1.2797048216320204,-0.35308283558312903,0.26307062627914923,1.4159550332423916,-1.2325142595128626,1.107107932713715,-0.1382327032752274,-1.1281521496355325,-0.780805960329528,-0.5927489783638191,-0.6919126161531287,-0.9369814684936247,-0.9631774724179828,-0.5908235884319065,1.5139950693310888,-0.5097475058154178,-0.3648896763690086,-0.5484642268462742,1.2215612297409535
-0.3816805243574266,-2.056838203159033,-0.05636250741899076,0.7890870902517687,-1.0547240899936035,0.7434121412965611,-1.308103630701946,-0.1382327032752274,-1.1281521496355325,-0.780805960329528,1.6870547845739468,-0.6919126161531287,-0.9369814684936247,-0.9631774724179828,-0.5908235884319065,-0.6605041325807084,1.9617555526835775,-0.3648896763690086,-0.5484642268462742,-0.818624540181307
0.40355068415174444,0.944191720810413,-0.25252071599612075,0.8484243133218492,0.862322986954145,0.06161251648742193,0.7924567455553615,-0.1382327032752274,-1.1281521496355325,1.280727928329292,1.6870547845739468,-0.6919126161531287,-0.9369814684936247,1.038230262476527,-0.5908235884319065,-0.6605041325807084,1.9617555526835775,-0.3648896763690086,-0.5484642268462742,1.2215612297409535
-0.9779571174251179,1.3215277843383153,0.4265839681284947,2.8658898977046388,1.1799885968469666,2.329969562060955,1.0735730022670453,-0.1382327032752274,-1.1281521496355325,-0.780805960329528,-0.5927489783638191,-0.6919126161531287,-0.9369814684936247,-0.9631774724179828,-0.5908235884319065,-0.6605041325807084,-0.5097475058154178,2.7405543778353203,1.8232729703268034,-0.818624540181307
-2.1295107171911223,0.4246575840811106,-0.2574867465930091,-0.13785655662681065,-1.0696221745725407,1.860626455409167,0.2863479732949709,-0.1382327032752274,0.8864052604279182,-0.780805960329528,-0.5927489783638191,-0.6919126161531287,1.0672569667868559,-0.9631774724179828,-0.5908235884319065,1.5139950693310888,-0.5097475058154178,-0.3648896763690086,-0.5484642268462742,1.2215612297409535
1.2235424115393017,0.19602538795336633,-2.3457026125849714,0.29193738344837716,-0.05943592344589905,-0.9618947401869609,-1.2293910788226754,-0.1382327032752274,0.8864052604279182,-0.780805960329528,1.6870547845739468,-0.6919126161531287,-0.9369814684936247,1.038230262476527,-0.5908235884319065,1.5139950693310888,-0.5097475058154178,-0.3648896763690086,-0.5484642268462742,-0.818624540181307
0.6878739026698211,-1.4239173675371093,0.7915872169998618,-1.5074238134335705,-0.5107037111756396,-1.382768679198289,-0.35847798900297795,-0.1382327032752274,0.8864052604279182,1.280727928329292,-0.5927489783638191,1.4452692098024813,-0.9369814684936247,-0.9631774724179828,-0.5908235884319065,-0.6605041325807084,-0.5097475058154178,-0.3648896763690086,1.8232729703268034,-0.818624540181307
-1.1883028214071434,1.4209734956621718,0.3645085856673781,-1.3550714839293052,-0.17093126610117296,0.3944341342852484,0.17698628617067227,-0.1382327032752274,-1.1281521496355325,-0.780805960329528,1.6870547845739468,-0.6919126161531287,1.0672569667868559,-0.9631774724179828,-0.5908235884319065,-0.6605041325807084,-0.5097475058154178,-0.3648896763690086,-0.5484642268462742,1.2215612297409535
1.8964704052106118,-0.15249930126575498,0.5705988554382865,-0.8932033692216391,0.8969249898471616,-2.1687770144344167,0.01667538721048636,-0.1382327032752274,-1.1281521496355325,-0.780805960329528,1.6870547845739468,-0.6919126161531287,1.0672569667868559,-0.9631774724179828,1.6925525987445438,-0.6605041325807084,-0.5097475058154178,-0.3648896763690086,-0.5484642268462742,-0.818624540181307
-0.13033523400602323,-0.3932136866197611,-0.011668232046986882,-1.683831773912192,-0.7827139005846222,-0.7300505549734263,0.44626083153768425,-0.1382327032752274,-1.1281521496355325,1.280727928329292,1.6870547845739468,-0.6919126161531287,-0.9369814684936247,-0.9631774724179828,-0.5908235884319065,-0.6605041325807084,-0.5097475058154178,-0.3648896763690086,-0.5484642268462742,1.2215612297409535
0.5746793924761043,-0.7277973882701176,0.8524210918117554,-0.8819774081002723,-0.0008047518771800997,-0.9651260180296576,-0.47908432639574106,-0.1382327032752274,0.8864052604279182,1.280727928329292,-0.5927489783638191,-0.6919126161531287,1.0672569667868559,1.038230262476527,1.6925525987445438,-0.6605041325807084,-0.5097475058154178,-0.3648896763690086,-0.5484642268462742,-0.818624540181307
1.8224928906745608,0.48042153435616947,1.4731749164229213,1.480285553581644,2.2449613525542165,-0.9061551974004308,2.1670903633306478,7.234178138070234,-1.1281521496355325,-0.780805960329528,1.6870547845739468,-0.6919126161531287,-0.9369814684936247,1.038230262476527,-0.5908235884319065,-0.6605041325807084,-0.5097475058154178,2.7405543778353203,-0.5484642268462742,1.2215612297409535
1.3634757824086994,-0.6887626230775759,-0.7379502068420521,-2.047873655990804,-0.5203153786459238,-2.2673309886366857,-0.10990156094429498,-0.1382327032752274,-1.1281521496355325,-0.780805960329528,1.6870547845739468,-0.6919126161531287,-0.9369814684936247,-0.9631774724179828,-0.5908235884319065,-0.6605041325807084,-0.5097475058154178,-0.3648896763690086,-0.5484642268462742,1.2215612297409535
-1.7132757860063512,0.5733614514812685,-0.10353979808944057,0.06421074355779281,-0.6481505560006746,1.5851600193192183,-1.2388445458625372,-0.1382327032752274,0.8864052604279182,-0.780805960329528,-0.5927489783638191,-0.6919126161531287,1.0672569667868559,1.038230262476527,-0.5908235884319065,1.5139950693310888,-0.5097475058154178,-0.3648896763690086,-0.5484642268462742,-0.818624540181307
-1.424496090708994,0.7276417139089325,-0.7739539286694996,0.6078680035782733,-0.5092619610550986,1.5972773112293328,-0.9606140843524977,-0.1382327032752274,0.8864052604279182,1.280727928329292,-0.5927489783638191,-0.6919126161531287,1.0672569667868559,1.038230262476527,-0.5908235884319065,-0.6605041325807084,1.9617555526835775,-0.3648896763690086,-0.5484642268462742,-0.818624540181307
1.7351459458006684,0.309412086845987,-0.3617733891276854,2.10573195891494,1.586562130839898,-0.5119393005913555,0.9060973703924403,-0.1382327032752274,0.8864052604279182,-0.780805960329528,-0.5927489783638191,1.4452692098024813,1.0672569667868559,1.038230262476527,-0.5908235884319065,-0.6605041325807084,-0.5097475058154178,2.7405543778353203,1.8232729703268034,-0.818624540181307
1.3919972337960933,2.3122673008918704,0.293742649661706,-0.4008647886131204,1.939790910372761,-1.4635506252657224,1.20592154082511,-0.1382327032752274,-1.1281521496355325,-0.780805960329528,1.6870547845739468,-0.6919126161531287,1.0672569667868559,-0.9631774724179828,1.6925525987445438,-0.6605041325807084,-0.5097475058154178,-0.3648896763690086,1.8232729703268034,-0.818624540181307
-1.075108311213426,-1.0651692874342273,0.34216144798137704,-0.5820838752866146,-1.172467016504559,0.681210042824637,-1.3320855839293837,-0.1382327032752274,0.8864052604279182,-0.780805960329528,-0.5927489783638191,-0.6919126161531287,-0.9369814684936247,-0.9631774724179828,1.6925525987445438,-0.6605041325807084,-0.5097475058154178,-0.3648896763690086,-0.5484642268462742,-0.818624540181307
0.8420679992329164,1.8745202912326546,-0.8856896170995093,1.031247108726967,1.3895229476991156,-0.24374323964747685,0.8217127382892537,-0.1382327032752274,-1.1281521496355325,1.280727928329292,-0.5927489783638191,-0.6919126161531287,-0.9369814684936247,-0.9631774724179828,-0.5908235884319065,-0.6605041325807084,1.9617555526835775,-0.3648896763690086,1.8232729703268034,-0.818624540181307
1.0230009564716926,-0.6478690595425325,-0.97135364489585,1.2766145446654147,0.22314710018039233,-0.2841342126811936,-0.6637752193008315,-0.1382327032752274,-1.1281521496355325,1.280727928329292,-0.5927489783638191,1.4452692098024813,1.0672569667868559,1.038230262476527,-0.5908235884319065,-0.6605041325807084,-0.5097475058154178,2.7405543778353203,-0.5484642268462742,-0.818624540181307
-0.5857871608484604,-0.9685117736241243,-0.9862517366865186,0.25505208262102935,-1.1220057622855792,0.6593989173864303,-1.2304856907957102,-0.1382327032752274,-1.1281521496355325,-0.780805960329528,-0.5927489783638191,1.4452692098024813,1.0672569667868559,-0.9631774724179828,-0.5908235884319065,1.5139950693310888,-0.5097475058154178,-0.3648896763690086,1.8232729703268034,-0.818624540181307
1.1718472808996516,-0.11811153192946791,0.056614688660241025,-0.5387837395327705,0.4312397009119975,-1.3334916920971547,0.8795281525014605,-0.1382327032752274,0.8864052604279182,-0.780805960329528,-0.5927489783638191,1.4452692098024813,-0.9369814684936247,-0.9631774724179828,1.6925525987445438,-0.6605041325807084,-0.5097475058154178,-0.3648896763690086,-0.5484642268462742,1.2215612297409535
-0.3700936847312985,1.3717153395858692,0.9691228108386543,-0.2549272940353516,0.8084976491205681,0.2070200194088026,0.9779437198953914,-0.1382327032752274,-1.1281521496355325,1.280727928329292,1.6870547845739468,-0.6919126161531287,1.0672569667868559,1.038230262476527,-0.5908235884319065,1.5139950693310888,-0.5097475058154178,-0.3648896763690086,-0.5484642268462742,1.2215612297409535
0.7716556661202887,-1.701807719741155,-0.543033505914146,-0.861129194589163,-0.9321753297475084,-1.1331524658499192,-0.5205800711917693,-0.1382327032752274,-1.1281521496355325,-0.780805960329528,1.6870547845739468,-0.6919126161531287,1.0672569667868559,-0.9631774724179828,1.6925525987445438,-0.6605041325807084,-0.5097475058154178,-0.3648896763690086,-0.5484642268462742,1.2215612297409535
1.3973450059312298,-0.8309606962789775,0.8710437065500911,0.9895506817047487,0.957478494909938,-0.76801806962512,0.13389837850477337,-0.1382327032752274,-1.1281521496355325,-0.780805960329528,-0.5927489783638191,1.4452692098024813,-0.9369814684936247,-0.9631774724179828,-0.5908235884319065,-0.6605041325807084,1.9617555526835775,-0.3648896763690086,-0.5484642268462742,-0.818624540181307
1.6264079123862316,0.6291254017563274,0.8896663212884249,-1.0744224558951334,1.2246828505837783,-2.015291316906293,1.8862726371570662,-0.1382327032752274,0.8864052604279182,1.280727928329292,-0.5927489783638191,-0.6919126161531287,-0.9369814684936247,-0.9631774724179828,1.6925525987445438,-0.6605041325807084,-0.5097475058154178,-0.3648896763690086,-0.5484642268462742,1.2215612297409535
-0.30592041910966306,-0.1292643219844802,-0.5827617506892606,1.5733006600158264,0.014093332701757152,1.0697712034089923,0.717426070312672,-0.1382327032752274,0.8864052604279182,-0.780805960329528,-0.5927489783638191,1.4452692098024813,-0.9369814684936247,-0.9631774724179828,-0.5908235884319065,-0.6605041325807084,-0.5097475058154178,2.7405543778353203,-0.5484642268462742,1.2215612297409535
1.119260854904145,1.4516436683134544,0.9802963796816557,-0.7071731563532743,1.5216833754154933,-1.370651387288174,2.1085783778628717,-0.1382327032752274,-1.1281521496355325,-0.780805960329528,-0.5927489783638191,1.4452692098024813,1.0672569667868559,-0.9631774724179828,1.6925525987445438,-0.6605041325807084,-0.5097475058154178,-0.3648896763690086,-0.5484642268462742,1.2215612297409535
-1.0064785688125113,-2.3174184957985315,0.025576997429682724,-2.0174031900899516,-2.3356589991737526,-0.10399047295081654,-2.2712129017051375,-0.1382327032752274,-1.1281521496355325,1.280727928329292,-0.5927489783638191,-0.6919126161531287,-0.9369814684936247,-0.9631774724179828,-0.5908235884319065,-0.6605041325807084,-0.5097475058154178,-0.3648896763690086,-0.5484642268462742,-0.818624540181307
1.3215849006834657,-0.691550820591329,-1.7137752191308049,-0.8996182041481343,-0.5779853834676167,-1.6509647401421677,-1.2533730320501157,-0.1382327032752274,-1.1281521496355325,-0.780805960329528,1.6870547845739468,-0.6919126161531287,1.0672569667868559,-0.9631774724179828,1.6925525987445438,-0.6605041325807084,-0.5097475058154178,-0.3648896763690086,-0.5484642268462742,-0.818624540181307
-1.2079113192359763,1.0008850702567234,0.3806481851072696,0.7602203330825386,0.24140926837392798,1.4777200310495313,1.3017498435555017,-0.1382327032752274,-1.1281521496355325,1.280727928329292,-0.5927489783638191,-0.6919126161531287,-0.9369814684936247,-0.9631774724179828,-0.5908235884319065,-0.6605041325807084,1.9617555526835775,-0.3648896763690086,-0.5484642268462742,1.2215612297409535
1.8135799371160009,-0.6720334379950581,0.628949714951736,-1.2075302806199117,0.5119777076623668,-2.251982418883874,-0.10870743879189133,-0.1382327032752274,0.8864052604279182,1.280727928329292,-0.5927489783638191,1.4452692098024813,-0.9369814684936247,1.038230262476527,-0.5908235884319065,-0.6605041325807084,-0.5097475058154178,-0.3648896763690086,-0.5484642268462742,-0.818624540181307
0.5711142110526796,1.1310009542318626,0.10751650227835621,0.1411887626757366,0.9767018298505009,-0.44650592427673425,0.7548418977546493,-0.1382327032752274,-1.1281521496355325,1.280727928329292,-0.5927489783638191,-0.6919126161531287,-0.9369814684936247,-0.9631774724179828,-0.5908235884319065,1.5139950693310888,-0.5097475058154178,-0.3648896763690086,1.8232729703268034,-0.818624540181307
-2.056424498010927,0.8893571697066056,0.5581837789460622,-1.6533613080113394,-0.9283306627593962,1.0309958692966246,-0.6300412684954326,-0.1382327032752274,-1.1281521496355325,1.280727928329292,1.6870547845739468,-0.6919126161531287,1.0672569667868559,-0.9631774724179828,-0.5908235884319065,-0.6605041325807084,-0.5097475058154178,-0.3648896763690086,1.8232729703268034,-0.818624540181307
0.06040197214716944,-0.5800229200412099,-0.5045467687882534,-0.35596094412765383,-0.5693348827443626,-0.23404940611938502,-0.7597030322105891,-0.1382327032752274,-1.1281521496355325,-0.780805960329528,-0.5927489783638191,-0.6919126161531287,1.0672569667868559,1.038230262476527,1.6925525987445438,-0.6605041325807084,-0.5097475058154178,-0.3648896763690086,1.8232729703268034,-0.818624540181307
0.1504228030886287,0.8772749804803419,-0.07995115275421655,0.7906907989833911,0.7407353934550787,0.2619517427346574,0.19250987415191972,-0.1382327032752274,-1.1281521496355325,1.280727928329292,1.6870547845739468,-0.6919126161531287,1.0672569667868559,1.038230262476527,-0.5908235884319065,-0.6605041325807084,1.9617555526835775,-0.3648896763690086,-0.5484642268462742,-0.818624540181307
-1.3237797154972613,-0.5112473813686371,0.12986363996435904,-0.38803511876012997,-1.044151255776293,1.004337827094371,-0.6900459066537119,-0.1382327032752274,-1.1281521496355325,-0.780805960329528,1.6870547845739468,-0.6919126161531287,1.0672569667868559,1.038230262476527,1.6925525987445438,-0.6605041325807084,-0.5097475058154178,-0.3648896763690086,1.8232729703268034,-0.818624540181307
-1.3246710108531177,0.13468504265080128,0.6252251920040689,1.1290733413560212,-0.06424175718104115,1.7693428563529663,-0.6267574325763212,-0.1382327032752274,-1.1281521496355325,-0.780805960329528,1.6870547845739468,-0.6919126161531287,-0.9369814684936247,-0.9631774724179828,-0.5908235884319065,-0.6605041325807084,1.9617555526835775,-0.3648896763690086,-0.5484642268462742,-0.818624540181307
-0.2150082928123473,0.848463606171561,0.2378748054467007,-1.0760261646267568,0.09242842258455546,-0.34714413061379124,0.7006088499996506,-0.1382327032752274,-1.1281521496355325,-0.780805960329528,-0.5927489783638191,-0.6919126161531287,-0.9369814684936247,-0.9631774724179828,1.6925525987445438,-0.6605041325807084,-0.5097475058154178,-0.3648896763690086,-0.5484642268462742,1.2215612297409535
-0.012684247033026516,0.31127088518848994,-0.44122987867791474,-0.875562573173777,-0.27906252514184304,-0.4295417156025731,0.3986949658002759,-0.1382327032752274,-1.1281521496355325,-0.780805960329528,-0.5927489783638191,-0.6919126161531287,1.0672569667868559,1.038230262476527,1.6925525987445438,-0.6605041325807084,-0.5097475058154178,-0.3648896763690086,-0.5484642268462742,1.2215612297409535
-0.47526653672231123,-0.0809355650794291,-0.1407850275661102,0.7714462942039065,-0.12143117862921911,0.819347170599949,0.5058674289784966,-0.1382327032752274,-1.1281521496355325,1.280727928329292,-0.5927489783638191,-0.6919126161531287,-0.9369814684936247,1.038230262476527,-0.5908235884319065,-0.6605041325807084,1.9617555526835775,-0.3648896763690086,-0.5484642268462742,1.2215612297409535
-0.744437734190835,-0.47221261617609533,-1.064466718587525,-0.25653100276697505,-1.1345009299969453,0.5454963734313488,-1.834412969373834,-0.1382327032752274,-1.1281521496355325,-0.780805960329528,-0.5927489783638191,1.4452692098024813,1.0672569667868559,-0.9631774724179828,-0.5908235884319065,1.5139950693310888,-0.5097475058154178,-0.3648896763690086,-0.5484642268462742,-0.818624540181307
-2.287269995177641,-1.1460270153330632,0.27512003492337034,1.0585101571645725,-1.402185869044298,2.6062438176115776,-1.2725784966679388,-0.1382327032752274,0.8864052604279182,-0.780805960329528,1.6870547845739468,-0.6919126161531287,-0.9369814684936247,1.038230262476527,-0.5908235884319065,-0.6605041325807084,1.9617555526835775,-0.3648896763690086,-0.5484642268462742,-0.818624540181307
2.1718806701701285,-1.6627729545486138,1.5700125130622633,-0.3896388274917535,0.8022500652648851,-2.1647379171310455,0.1595720047814519,-0.1382327032752274,0.8864052604279182,-0.780805960329528,-0.5927489783638191,1.4452692098024813,1.0672569667868559,-0.9631774724179828,1.6925525987445438,-0.6605041325807084,-0.5097475058154178,-0.3648896763690086,-0.5484642268462742,-0.818624540181307
0.3670075745616471,-0.3616141147972277,1.342816613254577,-0.8964107866848873,0.26207435343503466,-0.7841744588386069,0.8957483117382773,-0.1382327032752274,0.8864052604279182,1.280727928329292,-0.5927489783638191,-0.6919126161531287,1.0672569667868559,1.038230262476527,1.6925525987445438,-0.6605041325807084,-0.5097475058154178,-0.3648896763690086,-0.5484642268462742,1.2215612297409535
-0.7613723459521002,-0.22220423910957923,2.6190864766551343,0.6736200615748524,0.6902741392361001,1.0293802303752762,0.4684516015365192,-0.1382327032752274,0.8864052604279182,-0.780805960329528,-0.5927489783638191,1.4452692098024813,-0.9369814684936247,-0.9631774724179828,-0.5908235884319065,-0.6605041325807084,1.9617555526835775,-0.3648896763690086,-0.5484642268462742,-0.818624540181307
-0.40574549896553996,-0.07721796839442456,-0.26493579248834337,0.30155963583812057,-0.2708926077921053,0.51964615068977,-0.3644485997649962,-0.1382327032752274,-1.1281521496355325,1.280727928329292,-0.5927489783638191,-0.6919126161531287,-0.9369814684936247,1.038230262476527,-0.5908235884319065,1.5139950693310888,-0.5097475058154178,-0.3648896763690086,1.8232729703268034,-0.818624540181307
-0.558157004816923,-1.4871165111821767,2.1895248300242063,-0.05606741131399515,-0.2391741051401734,0.477639538734705,0.13111209348249914,-0.1382327032752274,0.8864052604279182,-0.780805960329528,-0.5927489783638191,1.4452692098024813,1.0672569667868559,-0.9631774724179828,-0.5908235884319065,1.5139950693310888,-0.5097475058154178,-0.3648896763690086,1.8232729703268034,-0.818624540181307
-0.7159162828034417,2.0473885370853386,-0.6435956255011542,2.200350774080747,1.0829107553971191,1.7572255644428514,0.5644789246256401,-0.1382327032752274,0.8864052604279182,1.280727928329292,1.6870547845739468,-0.6919126161531287,-0.9369814684936247,-0.9631774724179828,-0.5908235884319065,-0.6605041325807084,-0.5097475058154178,2.7405543778353203,-0.5484642268462742,-0.818624540181307
0.8420679992329164,1.7815803741075555,-1.258141911866209,0.30155963583812057,0.9786241633445583,-0.6113010942542991,0.013690081829480063,-0.1382327032752274,-1.1281521496355325,-0.780805960329528,1.6870547845739468,-0.6919126161531287,-0.9369814684936247,-0.9631774724179828,-0.5908235884319065,1.5139950693310888,-0.5097475058154178,-0.3648896763690086,-0.5484642268462742,-0.818624540181307
-0.31661596337993597,1.2239408713569615,-0.1407850275661102,-0.7296250785960081,0.1890256806608894,-0.0805637085912609,0.056280438598541725,-0.1382327032752274,0.8864052604279182,-0.780805960329528,-0.5927489783638191,1.4452692098024813,1.0672569667868559,-0.9631774724179828,1.6925525987445438,-0.6605041325807084,-0.5097475058154178,-0.3648896763690086,1.8232729703268034,-0.818624540181307
1.1353041713095542,-0.5233295705948996,0.9703643184878773,0.3192004318859827,0.8128228994821939,-0.8681876827487383,1.2525918149482198,-0.1382327032752274,0.8864052604279182,1.280727928329292,-0.5927489783638191,1.4452692098024813,-0.9369814684936247,-0.9631774724179828,-0.5908235884319065,1.5139950693310888,-0.5097475058154178,-0.3648896763690086,-0.5484642268462742,1.2215612297409535
1.4624095669087198,-1.2854368910207117,2.6999396623107375,1.2044476517423415,1.5299133656869217,-0.7187410825239856,0.8106297920622568,-0.1382327032752274,-1.1281521496355325,-0.780805960329528,-0.5927489783638191,1.4452692098024813,-0.9369814684936247,1.038230262476527,-0.5908235884319065,-0.6605041325807084,1.9617555526835775,-0.3648896763690086,-0.5484642268462742,-0.818624540181307
0.5399188735977187,0.25271873739967665,-0.23886413185467517,-0.1250268867738202,0.2918705225929092,-0.5523302736250723,-0.49938440298660314,-0.1382327032752274,0.8864052604279182,1.280727928329292,1.6870547845739468,-0.6919126161531287,-0.9369814684936247,-0.9631774724179828,-0.5908235884319065,1.5139950693310888,-0.5097475058154178,-0.3648896763690086,-0.5484642268462742,-0.818624540181307
-0.7872199112719253,1.6756288685849428,1.6718161402984937,-0.5259540696797801,0.9315269927401755,0.44855803815042894,1.5636606356493596,-0.1382327032752274,-1.1281521496355325,1.280727928329292,-0.5927489783638191,1.4452692098024813,1.0672569667868559,1.038230262476527,1.6925525987445438,-0.6605041325807084,-0.5097475058154178,-0.3648896763690086,-0.5484642268462742,1.2215612297409535
-0.6731341057223521,-0.3328027404884468,-0.2860414225251232,-0.35756465285927735,-0.752917731426749,0.4299781905549189,0.10036344805810654,-0.1382327032752274,-1.1281521496355325,1.280727928329292,-0.5927489783638191,1.4452692098024813,1.0672569667868559,1.038230262476527,1.6925525987445438,-0.6605041325807084,-0.5097475058154178,-0.3648896763690086,-0.5484642268462742,1.2215612297409535
0.2386610433183775,1.2927164100295343,-2.021669116137943,-0.9685776796079606,-0.27569844152724465,-0.7042003322318482,0.20693885016012814,-0.1382327032752274,0.8864052604279182,-0.780805960329528,-0.5927489783638191,1.4452692098024813,-0.9369814684936247,-0.9631774724179828,1.6925525987445438,-0.6605041325807084,-0.5097475058154178,-0.3648896763690086,-0.5484642268462742,1.2215612297409535
-1.7667535073577136,-0.3058501645221682,1.2186658483323436,1.360007398709856,-0.2314847711639493,2.286347311184542,-0.5855602183183967,-0.1382327032752274,-1.1281521496355325,-0.780805960329528,1.6870547845739468,-0.6919126161531287,-0.9369814684936247,-0.9631774724179828,-0.5908235884319065,-0.6605041325807084,-0.5097475058154178,2.7405543778353203,-0.5484642268462742,-0.818624540181307
-0.22748642779433192,0.9451211199816646,0.3558180321228226,-0.06087853750886685,0.4855456221190907,0.17551506044250348,-0.02651203063477713,-0.1382327032752274,0.8864052604279182,1.280727928329292,-0.5927489783638191,-0.6919126161531287,-0.9369814684936247,1.038230262476527,-0.5908235884319065,1.5139950693310888,-0.5097475058154178,-0.3648896763690086,-0.5484642268462742,-0.818624540181307
-1.2319762938440897,0.6105374183313086,-0.5728296894954813,0.744183245766301,-0.3473053641808462,1.4914529618809957,-0.6399922864321274,-0.1382327032752274,0.8864052604279182,1.280727928329292,-0.5927489783638191,1.4452692098024813,1.0672569667868559,1.038230262476527,-0.5908235884319065,-0.6605041325807084,1.9617555526835775,-0.3648896763690086,-0.5484642268462742,-0.818624540181307
-2.3665952818488285,-2.307775979396801,-0.7615388521772761,-1.4128049982677635,-3.1875531016491863,1.4332899607124432,-1.4467213105601313,-0.1382327032752274,0.8864052604279182,-0.780805960329528,-0.5927489783638191,-0.6919126161531287,-0.9369814684936247,-0.9631774724179828,-0.5908235884319065,-0.6605041325807084,-0.5097475058154178,-0.3648896763690086,-0.5484642268462742,1.2215612297409535
1.3189110146158975,0.3716818313198035,-0.1581661346552229,0.5533419067030645,1.007939749128922,-0.9166568503891968,0.22455215190808342,-0.1382327032752274,-1.1281521496355325,1.280727928329292,1.6870547845739468,-0.6919126161531287,1.0672569667868559,-0.9631774724179828,-0.5908235884319065,-0.6605041325807084,1.9617555526835775,-0.3648896763690086,-0.5484642268462742,-0.818624540181307
0.908023855566263,-0.6487984587137834,0.5221800571186155,0.7666351680090349,0.5859875471835394,-0.43681209074864186,1.0151605269786368,-0.1382327032752274,-1.1281521496355325,-0.780805960329528,-0.5927489783638191,-0.6919126161531287,-0.9369814684936247,-0.9631774724179828,-0.5908235884319065,-0.6605041325807084,1.9617555526835775,-0.3648896763690086,-0.5484642268462742,1.2215612297409535
0.9427843744446486,-0.4368954476685575,-0.43998837102869176,0.9093652451235567,0.38462311368113106,-0.39642111771492505,0.872462929766406,-0.1382327032752274,-1.1281521496355325,1.280727928329292,-0.5927489783638191,1.4452692098024813,-0.9369814684936247,1.038230262476527,-0.5908235884319065,-0.6605041325807084,1.9617555526835775,-0.3648896763690086,-0.5484642268462742,1.2215612297409535
0.4989192872283414,1.236023060583224,-0.4424713863271368,1.9437573770209313,1.319357775166055,0.5269165258358383,0.35381587490577154,-0.1382327032752274,0.8864052604279182,-0.780805960329528,-0.5927489783638191,1.4452692098024813,1.0672569667868559,-0.9631774724179828,-0.5908235884319065,-0.6605041325807084,-0.5097475058154178,2.7405543778353203,-0.5484642268462742,-0.818624540181307
-1.3861703904071843,-0.17015788551952357,-1.1339911469439758,-0.38322399256525824,-1.3892101179594183,1.0633086477235978,-0.9722567753384319,-0.1382327032752274,0.8864052604279182,-0.780805960329528,1.6870547845739468,-0.6919126161531287,1.0672569667868559,-0.9631774724179828,1.6925525987445438,-0.6605041325807084,-0.5097475058154178,-0.3648896763690086,1.8232729703268034,-0.818624540181307
-1.2925843780423003,-0.16365209132076727,2.6999396623107375,-1.06480020350539,-0.055531183536099156,0.6351643335662005,0.38462671419226985,-0.1382327032752274,-1.1281521496355325,-0.780805960329528,-0.5927489783638191,-0.6919126161531287,1.0672569667868559,1.038230262476527,1.6925525987445438,-0.6605041325807084,-0.5097475058154178,-0.3648896763690086,1.8232729703268034,-0.818624540181307
0.9632841676293379,-0.4183074642435381,1.8630083182787336,-0.11700834311570145,0.9891969975618671,-0.9320054201420102,0.1018561007486097,-0.1382327032752274,-1.1281521496355325,1.280727928329292,-0.5927489783638191,1.4452692098024813,1.0672569667868559,1.038230262476527,-0.5908235884319065,1.5139950693310888,-0.5097475058154178,-0.3648896763690086,-0.5484642268462742,-0.818624540181307
-0.17579129715468172,-0.5391293565061666,-0.922934846576179,-0.7039657388900261,-0.9417869972177898,-0.19527407200701605,-1.5279216169235768,-0.1382327032752274,0.8864052604279182,1.280727928329292,-0.5927489783638191,1.4452692098024813,1.0672569667868559,1.038230262476527,1.6925525987445438,-0.6605041325807084,-0.5097475058154178,-0.3648896763690086,-0.5484642268462742,-0.818624540181307
0.17716166376431092,-2.2538708274642434,1.3601977203436895,1.5973562909901826,-0.06472234055455482,0.644050347633617,0.7404129217464408,-0.1382327032752274,0.8864052604279182,1.280727928329292,-0.5927489783638191,1.4452692098024813,1.0672569667868559,-0.9631774724179828,-0.5908235884319065,-0.6605041325807084,-0.5097475058154178,2.7405543778353203,-0.5484642268462742,1.2215612297409535
1.2716723607555271,2.0167183644340563,-0.047671953874435284,-1.807317346247228,1.1684545958826278,-2.0629526650860788,0.16982155325625037,-0.1382327032752274,0.8864052604279182,-0.780805960329528,1.6870547845739468,-0.6919126161531287,-0.9369814684936247,-0.9631774724179828,-0.5908235884319065,-0.6605041325807084,-0.5097475058154178,-0.3648896763690086,-0.5484642268462742,-0.818624540181307
-2.0100771395064125,-0.9136772225203157,-1.0098403820217425,0.4410822954893953,-1.8150069868929128,2.0440014729822407,-1.9860664827290935,-0.1382327032752274,-1.1281521496355325,1.280727928329292,-0.5927489783638191,-0.6919126161531287,1.0672569667868559,1.038230262476527,-0.5908235884319065,1.5139950693310888,-0.5097475058154178,-0.3648896763690086,-0.5484642268462742,-0.818624540181307
-0.40574549896553996,0.48042153435616947,0.23166726720058942,-0.2821903424729571,0.03475841776286384,0.22559986700431206,0.3265500857592253,-0.1382327032752274,0.8864052604279182,1.280727928329292,-0.5927489783638191,-0.6919126161531287,-0.9369814684936247,1.038230262476527,-0.5908235884319065,1.5139950693310888,-0.5097475058154178,-0.3648896763690086,-0.5484642268462742,1.2215612297409535
1.0051750493545717,2.1161640757579114,-0.3406677590909056,-0.1907789447703982,1.4471929525208072,-1.0071326299847232,0.7608125085166675,-0.1382327032752274,-1.1281521496355325,-0.780805960329528,-0.5927489783638191,-0.6919126161531287,1.0672569667868559,1.038230262476527,-0.5908235884319065,1.5139950693310888,-0.5097475058154178,-0.3648896763690086,1.8232729703268034,-0.818624540181307
1.4062579594897897,1.0380610371067636,-0.6373880872550429,1.4995300583611284,1.4976542067397882,-0.5192096757374248,1.6865557071675625,-0.1382327032752274,0.8864052604279182,1.280727928329292,-0.5927489783638191,-0.6919126161531287,1.0672569667868559,-0.9631774724179828,-0.5908235884319065,-0.6605041325807084,-0.5097475058154178,2.7405543778353203,-0.5484642268462742,1.2215612297409535
-1.509169149515318,0.0036397595044119985,0.4849348276419459,-0.3142645171054332,-0.718315728533731,1.2095239701056526,-0.82398660808165,-0.1382327032752274,0.8864052604279182,-0.780805960329528,-0.5927489783638191,-0.6919126161531287,1.0672569667868559,-0.9631774724179828,-0.5908235884319065,1.5139950693310888,-0.5097475058154178,-0.3648896763690086,-0.5484642268462742,-0.818624540181307
-0.5608308908844911,0.04081572635445081,-0.9192103236285127,-0.0432377414610047,-0.6500728894947306,0.4865255528021226,-1.3950755274686748,-0.1382327032752274,-1.1281521496355325,-0.780805960329528,-0.5927489783638191,1.4452692098024813,-0.9369814684936247,1.038230262476527,-0.5908235884319065,1.5139950693310888,-0.5097475058154178,-0.3648896763690086,-0.5484642268462742,-0.818624540181307
-1.361214120443215,0.558491064741253,-1.2283457282848727,-0.38482770129688293,-1.0359813384265526,1.0398818833640417,-0.185728317621924,-0.1382327032752274,-1.1281521496355325,-0.780805960329528,1.6870547845739468,-0.6919126161531287,1.0672569667868559,-0.9631774724179828,1.6925525987445438,-0.6605041325807084,-0.5097475058154178,-0.3648896763690086,-0.5484642268462742,1.2215612297409535
0.7128301726337903,-0.14692290623824883,1.2447375089660118,0.1604332674552234,0.8382938182784426,-0.5652553849958614,0.34814379468185563,-0.1382327032752274,0.8864052604279182,1.280727928329292,1.6870547845739468,-0.6919126161531287,-0.9369814684936247,1.038230262476527,-0.5908235884319065,1.5139950693310888,-0.5097475058154178,-0.3648896763690086,-0.5484642268462742,-0.818624540181307
-0.03496663092942752,0.526891492918719,-0.3456337896877948,0.532493693191953,0.27937535488154025,0.299919257386351,-0.5520252878717312,-0.1382327032752274,-1.1281521496355325,1.280727928329292,-0.5927489783638191,-0.6919126161531287,-0.9369814684936247,-0.9631774724179828,-0.5908235884319065,-0.6605041325807084,1.9617555526835775,-0.3648896763690086,-0.5484642268462742,-0.818624540181307
0.2618347225706337,-0.22313363828082938,-1.3574625238039952,0.3175967231543603,-0.40449478562902413,-0.07733243074856247,-0.1022392771330387,-0.1382327032752274,-1.1281521496355325,-0.780805960329528,1.6870547845739468,-0.6919126161531287,-0.9369814684936247,1.038230262476527,-0.5908235884319065,1.5139950693310888,-0.5097475058154178,-0.3648896763690086,-0.5484642268462742,1.2215612297409535
-0.6677863335872156,-0.8272430995939736,-0.9316254001207354,0.7169201973286955,-0.9336170798680493,0.9663703124426775,-0.9606140843524963,-0.1382327032752274,0.8864052604279182,-0.780805960329528,-0.5927489783638191,-0.6919126161531287,-0.9369814684936247,-0.9631774724179828,-0.5908235884319065,-0.6605041325807084,1.9617555526835775,-0.3648896763690086,1.8232729703268034,-0.818624540181307
-0.5911349329835962,0.013863150388172837,2.5570110941940176,0.2005259857458194,0.7383324765875076,0.6367799724875489,1.626650579188648,-0.1382327032752274,0.8864052604279182,-0.780805960329528,1.6870547845739468,-0.6919126161531287,-0.9369814684936247,1.038230262476527,-0.5908235884319065,1.5139950693310888,-0.5097475058154178,-0.3648896763690086,-0.5484642268462742,1.2215612297409535
-1.33536655512339,-0.3216499504334352,0.8126928470366416,0.5389085281184495,-0.41026178611119357,1.4817591283529035,-0.7024846790745828,-0.1382327032752274,0.8864052604279182,1.280727928329292,-0.5927489783638191,1.4452692098024813,1.0672569667868559,-0.9631774724179828,-0.5908235884319065,-0.6605041325807084,1.9617555526835775,-0.3648896763690086,-0.5484642268462742,-0.818624540181307
-0.494875034551144,-0.17015788551952357,-0.7615388521772761,0.3127855969594886,-0.5558785482859664,0.6060828329819246,0.006525348915055328,-0.1382327032752274,0.8864052604279182,1.280727928329292,-0.5927489783638191,-0.6919126161531287,-0.9369814684936247,-0.9631774724179828,-0.5908235884319065,1.5139950693310888,-0.5097475058154178,-0.3648896763690086,-0.5484642268462742,1.2215612297409535
-0.3478113008348975,2.3113379017206204,0.9703643184878773,0.8388020609321081,1.6346204681913084,0.7377574050718413,1.1674111014100965,-0.1382327032752274,-1.1281521496355325,1.280727928329292,1.6870547845739468,-0.6919126161531287,1.0672569667868559,-0.9631774724179828,-0.5908235884319065,-0.6605041325807084,1.9617555526835775,-0.3648896763690086,1.8232729703268034,-0.818624540181307
-1.2694106987900429,0.8735573837953386,-0.8571349411673961,0.6672052266483561,-0.3646063656273545,1.4866060451169492,0.08414328882129264,-0.1382327032752274,0.8864052604279182,-0.780805960329528,1.6870547845739468,-0.6919126161531287,-0.9369814684936247,1.038230262476527,-0.5908235884319065,-0.6605041325807084,1.9617555526835775,-0.3648896763690086,-0.5484642268462742,1.2215612297409535
-0.04387958448798742,-1.0837572708592467,2.113792863421644,1.7978198824431624,0.7729344794805214,0.9453670064651443,0.6682680417053874,-0.1382327032752274,0.8864052604279182,-0.780805960329528,-0.5927489783638191,-0.6919126161531287,1.0672569667868559,1.038230262476527,-0.5908235884319065,-0.6605041325807084,-0.5097475058154178,2.7405543778353203,1.8232729703268034,-0.818624540181307
-0.17668259251053822,1.83269732852636,1.6196728190311573,0.9382320022927846,1.760533312052003,0.6327408751841774,1.2178627623491494,-0.1382327032752274,-1.1281521496355325,-0.780805960329528,-0.5927489783638191,1.4452692098024813,1.0672569667868559,1.038230262476527,-0.5908235884319065,-0.6605041325807084,1.9617555526835775,-0.3648896763690086,-0.5484642268462742,-0.818624540181307
-0.27472508165470216,0.7973466517527568,-2.3879138726585314,-0.522746652216533,-0.8168353201041237,-0.01432251281596539,-1.1809296214709615,-0.1382327032752274,0.8864052604279182,-0.780805960329528,-0.5927489783638191,1.4452692098024813,1.0672569667868559,-0.9631774724179828,1.6925525987445438,-0.6605041325807084,-0.5097475058154178,-0.3648896763690086,-0.5484642268462742,-0.818624540181307
1.2244337068951583,-0.4963769946286209,0.8052438011413073,0.06741816102103985,0.7354489763464229,-1.0757972841420425,0.053195623038165156,-0.1382327032752274,-1.1281521496355325,1.280727928329292,-0.5927489783638191,-0.6919126161531287,1.0672569667868559,1.038230262476527,-0.5908235884319065,1.5139950693310888,-0.5097475058154178,-0.3648896763690086,-0.5484642268462742,-0.818624540181307
0.6121137974220582,1.0464256296480228,-1.5138924876060096,-0.42812783705072593,0.15682659463544657,-0.770441528007143,0.982919228863741,-0.1382327032752274,0.8864052604279182,-0.780805960329528,-0.5927489783638191,-0.6919126161531287,-0.9369814684936247,1.038230262476527,1.6925525987445438,-0.6605041325807084,-0.5097475058154178,-0.3648896763690086,-0.5484642268462742,1.2215612297409535
1.0497398171473737,-0.4842948054023585,-0.7205690997529394,0.9975692253628674,0.33560360958269086,-0.4489293826587573,-0.48903534433244,-0.1382327032752274,0.8864052604279182,-0.780805960329528,-0.5927489783638191,1.4452692098024813,-0.9369814684936247,-0.9631774724179828,-0.5908235884319065,-0.6605041325807084,1.9617555526835775,-0.3648896763690086,-0.5484642268462742,-0.818624540181307
-1.550168735884696,-0.049335993256895125,-0.30963006786034725,-0.7809437580079711,-1.2152389367473133,1.0116082022404405,-0.5184903574250616,-0.1382327032752274,0.8864052604279182,1.280727928329292,-0.5927489783638191,1.4452692098024813,-0.9369814684936247,1.038230262476527,1.6925525987445438,-0.6605041325807084,-0.5097475058154178,-0.3648896763690086,-0.5484642268462742,1.2215612297409535
1.4517140226384482,2.137540256696685,1.3738543044851352,2.2420472011029675,3.091749256686063,-0.1863880579395984,2.7721122538818093,7.234178138070234,-1.1281521496355325,1.280727928329292,-0.5927489783638191,-0.6919126161531287,1.0672569667868559,-0.9631774724179828,-0.5908235884319065,-0.6605041325807084,-0.5097475058154178,2.7405543778353203,-0.5484642268462742,1.2215612297409535
-1.4806476981279248,-0.23335702916459153,-0.8596179564658403,-0.3254904782268001,-1.3493216979577487,1.1780190111393536,-1.2052101052365027,-0.1382327032752274,-1.1281521496355325,1.280727928329292,1.6870547845739468,-0.6919126161531287,-0.9369814684936247,1.038230262476527,-0.5908235884319065,1.5139950693310888,-0.5097475058154178,-0.3648896763690086,1.8232729703268034,-0.818624540181307
0.21816125013368823,-0.3560377197697216,0.4799687970450558,-0.03201178033963778,0.10972942403106375,-0.21385391960252606,-0.5766043021753706,-0.1382327032752274,0.8864052604279182,-0.780805960329528,-0.5927489783638191,1.4452692098024813,1.0672569667868559,-0.9631774724179828,-0.5908235884319065,1.5139950693310888,-0.5097475058154178,-0.3648896763690086,-0.5484642268462742,-0.818624540181307
0.6994607422959505,-0.5883875125824691,2.2180795059563203,0.48919355743811005,1.078104921661977,-0.3875351036475086,2.0226015828898114,-0.1382327032752274,-1.1281521496355325,-0.780805960329528,-0.5927489783638191,1.4452692098024813,-0.9369814684936247,-0.9631774724179828,-0.5908235884319065,-0.6605041325807084,1.9617555526835775,-0.3648896763690086,-0.5484642268462742,1.2215612297409535
-1.3621054157990709,-0.29934437032341127,1.3055713837779073,0.13477392774924138,-0.34346069719273414,1.3024232080832006,-0.08402891430888443,-0.1382327032752274,0.8864052604279182,-0.780805960329528,1.6870547845739468,-0.6919126161531287,1.0672569667868559,-0.9631774724179828,-0.5908235884319065,1.5139950693310888,-0.5097475058154178,-0.3648896763690086,1.8232729703268034,-0.818624540181307
1.0452833403680937,1.065943012244293,0.8288324464765313,-1.5186497745549374,0.9805464968386156,-1.7123590191534181,1.1876116678215882,-0.1382327032752274,-1.1281521496355325,-0.780805960329528,1.6870547845739468,-0.6919126161531287,-0.9369814684936247,-0.9631774724179828,-0.5908235884319065,-0.6605041325807084,-0.5097475058154178,-0.3648896763690086,-0.5484642268462742,1.2215612297409535
-0.5991565911863008,-0.1339113178407349,-0.2984564990173467,0.6784311877697242,-0.30453344393809184,0.8847805469145703,0.08951683850710625,-0.1382327032752274,-1.1281521496355325,1.280727928329292,1.6870547845739468,-0.6919126161531287,1.0672569667868559,-0.9631774724179828,-0.5908235884319065,-0.6605041325807084,1.9617555526835775,-0.3648896763690086,-0.5484642268462742,1.2215612297409535
0.30729078571929225,1.1310009542318626,-0.016634262643876987,-0.7456621659122468,0.520628208385621,-0.654115525670039,1.266324219700862,-0.1382327032752274,0.8864052604279182,1.280727928329292,-0.5927489783638191,-0.6919126161531287,1.0672569667868559,-0.9631774724179828,1.6925525987445438,-0.6605041325807084,-0.5097475058154178,-0.3648896763690086,-0.5484642268462742,1.2215612297409535
-0.4200062246592363,0.34658805369602713,0.2627049584311477,-0.8162253501036953,-0.19015460104173593,-0.03047890202945232,0.9511754816456768,-0.1382327032752274,-1.1281521496355325,1.280727928329292,-0.5927489783638191,1.4452692098024813,-0.9369814684936247,-0.9631774724179828,1.6925525987445438,-0.6605041325807084,-0.5097475058154178,-0.3648896763690086,-0.5484642268462742,1.2215612297409535
0.9311975348185204,0.9451211199816646,1.7214764462673877,0.7249387409868142,1.8744315715748452,-0.4788187027037081,1.103923606973971,-0.1382327032752274,-1.1281521496355325,1.280727928329292,-0.5927489783638191,-0.6919126161531287,-0.9369814684936247,-0.9631774724179828,-0.5908235884319065,-0.6605041325807084,1.9617555526835775,-0.3648896763690086,-0.5484642268462742,-0.818624540181307
-0.31661596337993597,0.015721948730674448,0.4303084910761618,1.489907805971385,0.4504630358525604,1.0374584249820185,-0.2119990049748043,-0.1382327032752274,-1.1281521496355325,-0.780805960329528,-0.5927489783638191,1.4452692098024813,1.0672569667868559,1.038230262476527,-0.5908235884319065,-0.6605041325807084,-0.5097475058154178,2.7405543778353203,-0.5484642268462742,-0.818624540181307
0.3465077813769578,-1.0382167114679486,-0.16809819584900135,-0.24049391545073645,-0.4871551258734509,-0.4351964518272935,-1.2287940177464736,-0.1382327032752274,0.8864052604279182,-0.780805960329528,-0.5927489783638191,-0.6919126161531287,1.0672569667868559,1.038230262476527,-0.5908235884319065,1.5139950693310888,-0.5097475058154178,-0.3648896763690086,-0.5484642268462742,-0.818624540181307
0.533679806106727,0.015721948730674448,0.26518797372959185,2.221198987591856,1.0641680038300698,0.6351643335661994,0.8739555824569092,-0.1382327032752274,0.8864052604279182,1.280727928329292,-0.5927489783638191,-0.6919126161531287,-0.9369814684936247,1.038230262476527,-0.5908235884319065,-0.6605041325807084,-0.5097475058154178,2.7405543778353203,1.8232729703268034,-0.818624540181307
1.4811267693816974,2.3342243563126774,-1.5312735946951224,1.111432545308159,1.7459355920815132,-0.7825588199172586,0.6335887441960021,-0.1382327032752274,0.8864052604279182,1.280727928329292,-0.5927489783638191,1.4452692098024813,-0.9369814684936247,-0.9631774724179828,-0.5908235884319065,-0.6605041325807084,1.9617555526835775,-0.3648896763690086,-0.5484642268462742,-0.818624540181307
0.15755316593547686,0.04732152055320843,1.3092959067255743,-2.713412779614697,-0.1968827682709327,-1.509596334524159,0.09489038819292267,-0.1382327032752274,0.8864052604279182,1.280727928329292,1.6870547845739468,-0.6919126161531287,1.0672569667868559,1.038230262476527,-0.5908235884319065,-0.6605041325807084,-0.5097475058154178,-0.3648896763690086,-0.5484642268462742,1.2215612297409535
1.2894982678726483,-0.6683158413100542,0.0007468444452357325,0.8147464299577496,0.5941574645332799,-0.7583242360970276,0.1354905413746468,-0.1382327032752274,-1.1281521496355325,1.280727928329292,1.6870547845739468,-0.6919126161531287,-0.9369814684936247,1.038230262476527,-0.5908235884319065,-0.6605041325807084,1.9617555526835775,-0.3648896763690086,1.8232729703268034,-0.818624540181307
-0.049227356623123865,0.3874816172310705,-0.22396604006400664,-0.15068622647980223,0.041967168365574264,-0.0312867214901265,-0.3010606155082381,-0.1382327032752274,0.8864052604279182,-0.780805960329528,1.6870547845739468,-0.6919126161531287,1.0672569667868559,1.038230262476527,-0.5908235884319065,1.5139950693310888,-0.5097475058154178,-0.3648896763690086,-0.5484642268462742,-0.818624540181307
0.8420679992329164,0.5733614514812685,1.845627211189621,1.202843943010719,1.8254120674764052,-0.1573065573553224,2.2375435703224604,-0.1382327032752274,-1.1281521496355325,1.280727928329292,-0.5927489783638191,-0.6919126161531287,1.0672569667868559,-0.9631774724179828,-0.5908235884319065,-0.6605041325807084,1.9617555526835775,-0.3648896763690086,-0.5484642268462742,1.2215612297409535
-0.6526343125376634,0.20160178298087247,-0.016634262643876987,-0.43775008944046934,-0.3852714506884612,0.3710073699256927,-0.2524996479771582,-0.1382327032752274,-1.1281521496355325,-0.780805960329528,-0.5927489783638191,-0.6919126161531287,-0.9369814684936247,-0.9631774724179828,1.6925525987445438,-0.6605041325807084,-0.5097475058154178,-0.3648896763690086,1.8232729703268034,-0.818624540181307
0.769873075408577,0.31220028435974007,-1.2432438200755414,-2.4504045476283873,-0.6390194719039054,-1.9320859124568366,0.014983714161248326,-0.1382327032752274,-1.1281521496355325,-0.780805960329528,-0.5927489783638191,-0.6919126161531287,-0.9369814684936247,1.038230262476527,-0.5908235884319065,-0.6605041325807084,-0.5097475058154178,-0.3648896763690086,-0.5484642268462742,1.2215612297409535
0.5853749367463772,0.12260285342453883,1.4024089804172493,-1.213945115546407,0.5581137115197223,-1.1420384799173373,0.11509095460442012,-0.1382327032752274,-1.1281521496355325,-0.780805960329528,-0.5927489783638191,1.4452692098024813,1.0672569667868559,-0.9631774724179828,-0.5908235884319065,-0.6605041325807084,-0.5097475058154178,-0.3648896763690086,-0.5484642268462742,-0.818624540181307
-0.9057621936007785,0.8122170384927723,2.6999396623107375,-2.047873655990804,0.36305693479468215,-0.2106226417598288,0.725548588703498,-0.1382327032752274,-1.1281521496355325,1.280727928329292,-0.5927489783638191,-0.6919126161531287,1.0672569667868559,-0.9631774724179828,-0.5908235884319065,-0.6605041325807084,-0.5097475058154178,-0.3648896763690086,1.8232729703268034,-0.818624540181307
0.925849762683384,-1.2064379614643774,-0.0017361708532084375,0.05939961736292111,-0.10749426079730919,-0.8092168621195109,0.6025913233231894,-0.1382327032752274,-1.1281521496355325,-0.780805960329528,1.6870547845739468,-0.6919126161531287,-0.9369814684936247,-0.9631774724179828,-0.5908235884319065,1.5139950693310888,-0.5097475058154178,-0.3648896763690086,-0.5484642268462742,1.2215612297409535
0.9998272772194352,0.9925204777154655,0.8946323518853151,0.6447533044056223,1.591848547948554,-0.5814117742093483,1.6107289504899336,-0.1382327032752274,-1.1281521496355325,-0.780805960329528,-0.5927489783638191,-0.6919126161531287,-0.9369814684936247,-0.9631774724179828,-0.5908235884319065,-0.6605041325807084,1.9617555526835775,-0.3648896763690086,-0.5484642268462742,1.2215612297409535
-0.8460454047584237,-1.851440986312565,-0.2959734837189017,-1.2700749211532416,-1.908720744728162,0.12704589280204326,-0.4964986077849614,-0.1382327032752274,-1.1281521496355325,-0.780805960329528,1.6870547845739468,-0.6919126161531287,1.0672569667868559,1.038230262476527,-0.5908235884319065,-0.6605041325807084,-0.5097475058154178,-0.3648896763690086,-0.5484642268462742,1.2215612297409535
1.197694846219476,-0.44618943938106753,-0.2984564990173467,-0.8386772723464292,0.048214752221257366,-1.5079806956028108,0.8533569753279476,-0.1382327032752274,0.8864052604279182,1.280727928329292,-0.5927489783638191,1.4452692098024813,-0.9369814684936247,-0.9631774724179828,1.6925525987445438,-0.6605041325807084,-0.5097475058154178,-0.3648896763690086,-0.5484642268462742,1.2215612297409535
-1.7007976510243665,1.1170599666630971,0.10999951757680038,0.12996280155436968,-0.2579168567072254,1.606971144757425,0.06692802779080431,-0.1382327032752274,0.8864052604279182,-0.780805960329528,1.6870547845739468,-0.6919126161531287,-0.9369814684936247,-0.9631774724179828,-0.5908235884319065,1.5139950693310888,-0.5097475058154178,-0.3648896763690086,1.8232729703268034,-0.818624540181307
0.21103088728684005,0.3716818313198035,-0.6001428577783734,-0.4585983029515785,-0.0637611738075275,-0.4222713404565044,-0.496399097605594,-0.1382327032752274,-1.1281521496355325,-0.780805960329528,1.6870547845739468,-0.6919126161531287,1.0672569667868559,-0.9631774724179828,1.6925525987445438,-0.6605041325807084,-0.5097475058154178,-0.3648896763690086,-0.5484642268462742,-0.818624540181307
0.2778780389760431,-2.3174184957985315,-1.571001839470237,-1.1947006107669214,-2.014629305666333,-0.8536469324565997,-0.9229494814621004,-0.1382327032752274,0.8864052604279182,-0.780805960329528,-0.5927489783638191,1.4452692098024813,1.0672569667868559,1.038230262476527,-0.5908235884319065,-0.6605041325807084,-0.5097475058154178,-0.3648896763690086,-0.5484642268462742,1.2215612297409535
-1.205237433168408,-0.8504780788752484,-0.6001428577783734,0.20373340320906644,-1.2608943572311537,1.1949832198135142,-1.2020257794967575,-0.1382327032752274,-1.1281521496355325,-0.780805960329528,-0.5927489783638191,1.4452692098024813,1.0672569667868559,-0.9631774724179828,-0.5908235884319065,1.5139950693310888,-0.5097475058154178,-0.3648896763690086,1.8232729703268034,-0.818624540181307
-1.601863866524346,-0.21105144905456694,-0.1954113641318925,-0.1811566923806548,-1.1027824273450149,1.360586209251753,-1.1798350094979253,-0.1382327032752274,0.8864052604279182,-0.780805960329528,-0.5927489783638191,-0.6919126161531287,1.0672569667868559,-0.9631774724179828,-0.5908235884319065,1.5139950693310888,-0.5097475058154178,-0.3648896763690086,-0.5484642268462742,-0.818624540181307
-1.69544987888923,0.6904657470588937,0.026818505078903928,0.3480671890552129,-0.44246087213663915,1.711987674645089,-0.9907656687006872,-0.1382327032752274,0.8864052604279182,-0.780805960329528,1.6870547845739468,-0.6919126161531287,1.0672569667868559,-0.9631774724179828,-0.5908235884319065,1.5139950693310888,-0.5097475058154178,-0.3648896763690086,-0.5484642268462742,-0.818624540181307
-0.049227356623123865,0.015721948730674448,0.8524210918117554,1.206051360473966,0.6729731377895919,0.652128542240361,0.10882181330429955,-0.1382327032752274,0.8864052604279182,1.280727928329292,-0.5927489783638191,-0.6919126161531287,1.0672569667868559,-0.9631774724179828,-0.5908235884319065,-0.6605041325807084,1.9617555526835775,-0.3648896763690086,-0.5484642268462742,-0.818624540181307
-0.584004570136748,1.3168807884820606,0.033026043325017,0.0016661030244629815,0.37933669657247526,0.5301478036785366,-0.46316269769702667,-0.1382327032752274,-1.1281521496355325,1.280727928329292,-0.5927489783638191,-0.6919126161531287,-0.9369814684936247,1.038230262476527,-0.5908235884319065,1.5139950693310888,-0.5097475058154178,-0.3648896763690086,-0.5484642268462742,-0.818624540181307
1.1914557787284843,-2.1581427128253914,0.9356021043096518,-1.112911465454106,-0.4448637890042102,-1.6404630871534023,-0.5619763058084274,-0.1382327032752274,-1.1281521496355325,-0.780805960329528,1.6870547845739468,-0.6919126161531287,-0.9369814684936247,1.038230262476527,1.6925525987445438,-0.6605041325807084,-0.5097475058154178,-0.3648896763690086,1.8232729703268034,-0.818624540181307
-1.4752999259927884,-1.1924969738956126,-0.6373880872550429,-0.25011616784047985,-1.7337883967690297,1.211139609027001,-1.8049579562812126,-0.1382327032752274,0.8864052604279182,-0.780805960329528,-0.5927489783638191,1.4452692098024813,-0.9369814684936247,1.038230262476527,-0.5908235884319065,1.5139950693310888,-0.5097475058154178,-0.3648896763690086,-0.5484642268462742,-0.818624540181307
0.5791358692553843,0.45068076087613845,0.5494932254015067,1.3167072629560106,1.152595344556666,0.13835536525148398,0.7786248306233549,7.234178138070234,0.8864052604279182,-0.780805960329528,1.6870547845739468,-0.6919126161531287,-0.9369814684936247,1.038230262476527,-0.5908235884319065,-0.6605041325807084,-0.5097475058154178,2.7405543778353203,1.8232729703268034,-0.818624540181307
-0.896849240042218,-0.23707462584959474,1.7202349386181648,0.7858796727885194,0.2952346062075075,1.2087161506449773,-0.1528899584308236,-0.1382327032752274,0.8864052604279182,-0.780805960329528,-0.5927489783638191,1.4452692098024813,1.0672569667868559,1.038230262476527,-0.5908235884319065,-0.6605041325807084,1.9617555526835775,-0.3648896763690086,-0.5484642268462742,-0.818624540181307
-0.5715264351547634,-0.11904093110071938,0.18697299182858554,0.959080215803896,-0.009935835973947916,1.0011065492516744,0.014685183623148829,-0.1382327032752274,-1.1281521496355325,-0.780805960329528,1.6870547845739468,-0.6919126161531287,1.0672569667868559,1.038230262476527,-0.5908235884319065,-0.6605041325807084,1.9617555526835775,-0.3648896763690086,1.8232729703268034,-0.818624540181307
-1.2818888337720273,-0.07628856922317309,-0.08615869100032786,1.3808556122209652,-0.3501888644219309,1.8573951775664692,-0.3585774991823454,-0.1382327032752274,0.8864052604279182,-0.780805960329528,-0.5927489783638191,-0.6919126161531287,-0.9369814684936247,1.038230262476527,-0.5908235884319065,-0.6605041325807084,-0.5097475058154178,2.7405543778353203,1.8232729703268034,-0.818624540181307
-0.5982652958304444,-0.3867078924210041,1.612223773135823,-1.4528977165583594,-0.3338490297224527,-0.18961933578229626,-0.7310441005529044,-0.1382327032752274,-1.1281521496355325,-0.780805960329528,-0.5927489783638191,1.4452692098024813,-0.9369814684936247,1.038230262476527,-0.5908235884319065,-0.6605041325807084,-0.5097475058154178,-0.3648896763690086,-0.5484642268462742,-0.818624540181307
-0.11518321295647038,0.2852477083934621,0.19069751477625266,-0.38322399256525824,0.04437008523314805,-0.08864190319800436,0.25500226679437654,-0.1382327032752274,-1.1281521496355325,1.280727928329292,1.6870547845739468,-0.6919126161531287,-0.9369814684936247,1.038230262476527,1.6925525987445438,-0.6605041325807084,-0.5097475058154178,-0.3648896763690086,-0.5484642268462742,1.2215612297409535
-0.7087859199565936,-1.4713167252709096,-0.7615388521772761,-0.5002947299737992,-1.5876910512207418,0.39039503698187633,-1.182422274161466,-0.1382327032752274,0.8864052604279182,-0.780805960329528,1.6870547845739468,-0.6919126161531287,-0.9369814684936247,1.038230262476527,1.6925525987445438,-0.6605041325807084,-0.5097475058154178,-0.3648896763690086,1.8232729703268034,-0.818624540181307
0.05772808607960122,-0.5614349366161905,-0.3431507743893506,2.2644991233456992,0.2865841054842534,1.0883510510045014,0.6200056047124098,-0.1382327032752274,0.8864052604279182,-0.780805960329528,1.6870547845739468,-0.6919126161531287,1.0672569667868559,-0.9631774724179828,-0.5908235884319065,-0.6605041325807084,-0.5097475058154178,2.7405543778353203,-0.5484642268462742,1.2215612297409535
0.6638089280617083,0.3214942760722508,0.604119561967289,0.7602203330825386,0.9858329139472715,-0.21870083636657225,1.7013827238932409,-0.1382327032752274,0.8864052604279182,1.280727928329292,-0.5927489783638191,-0.6919126161531287,-0.9369814684936247,-0.9631774724179828,-0.5908235884319065,-0.6605041325807084,1.9617555526835775,-0.3648896763690086,-0.5484642268462742,1.2215612297409535
-0.6071782493890049,-0.8281724987652244,0.17207490003791698,-0.08493416848322421,-0.714471061545619,0.5075288587796551,0.3605825671027265,-0.1382327032752274,0.8864052604279182,-0.780805960329528,1.6870547845739468,-0.6919126161531287,-0.9369814684936247,1.038230262476527,-0.5908235884319065,1.5139950693310888,-0.5097475058154178,-0.3648896763690086,-0.5484642268462742,1.2215612297409535
0.881284994890582,2.3342243563126774,0.7282703268895222,0.7906907989833911,2.201048046799366,-0.40046021501829765,2.6537448955248006,-0.1382327032752274,-1.1281521496355325,1.280727928329292,-0.5927489783638191,-0.6919126161531287,1.0672569667868559,-0.9631774724179828,-0.5908235884319065,-0.6605041325807084,1.9617555526835775,-0.3648896763690086,-0.5484642268462742,1.2215612297409535
0.398202912016608,-0.4415424435248128,-0.3468752973370169,0.8339909347372364,0.10204009005483967,0.059189058105399976,0.04513529850944193,-0.1382327032752274,0.8864052604279182,-0.780805960329528,-0.5927489783638191,-0.6919126161531287,-0.9369814684936247,-0.9631774724179828,-0.5908235884319065,-0.6605041325807084,1.9617555526835775,-0.3648896763690086,1.8232729703268034,-0.818624540181307
-0.62856933792955,-0.02795981231812198,0.750617464575525,1.4738707186551476,0.3788561131989616,1.3121170416112928,1.4116090815766347,-0.1382327032752274,0.8864052604279182,1.280727928329292,1.6870547845739468,-0.6919126161531287,-0.9369814684936247,1.038230262476527,-0.5908235884319065,-0.6605041325807084,-0.5097475058154178,2.7405543778353203,-0.5484642268462742,1.2215612297409535
-1.2988234455332925,-0.1850282722595391,0.27636154257259327,-0.4457686330985881,-0.8226023205862918,0.9526373816112141,-1.1085857210711774,-0.1382327032752274,-1.1281521496355325,1.280727928329292,1.6870547845739468,-0.6919126161531287,1.0672569667868559,-0.9631774724179828,1.6925525987445438,-0.6605041325807084,-0.5097475058154178,-0.3648896763690086,-0.5484642268462742,-0.818624540181307
-0.4262452921502286,1.405173709750905,-0.0004946632039872346,1.5668858250893298,0.9661289956331921,1.1755955527573299,1.1477080858954363,-0.1382327032752274,-1.1281521496355325,1.280727928329292,-0.5927489783638191,1.4452692098024813,-0.9369814684936247,1.038230262476527,-0.5908235884319065,-0.6605041325807084,-0.5097475058154178,2.7405543778353203,-0.5484642268462742,1.2215612297409535
-0.736416075988131,-2.08193198078281,0.9653982878909871,-1.4849718911908367,-1.5449191309779875,-0.0805637085912609,-0.7348254873688488,-0.1382327032752274,-1.1281521496355325,1.280727928329292,-0.5927489783638191,1.4452692098024813,-0.9369814684936247,1.038230262476527,-0.5908235884319065,-0.6605041325807084,-0.5097475058154178,-0.3648896763690086,-0.5484642268462742,1.2215612297409535
-0.4146584525241005,1.8113211475875868,-1.161304315226867,1.3808556122209652,0.6772983881512176,1.0713868423303414,0.22783598782719205,-0.1382327032752274,0.8864052604279182,-0.780805960329528,-0.5927489783638191,-0.6919126161531287,-0.9369814684936247,-0.9631774724179828,-0.5908235884319065,-0.6605041325807084,-0.5097475058154178,2.7405543778353203,1.8232729703268034,-0.818624540181307
1.2609768164852555,-0.3560377197697216,0.10751650227835621,1.283029379591911,0.921915325269894,-0.4965907308385434,1.1837307708262779,-0.1382327032752274,0.8864052604279182,-0.780805960329528,-0.5927489783638191,-0.6919126161531287,1.0672569667868559,-0.9631774724179828,-0.5908235884319065,-0.6605041325807084,-0.5097475058154178,2.7405543778353203,-0.5484642268462742,1.2215612297409535
0.03633699753905544,0.007357356189415219,1.155348958222004,-0.6959471952319074,0.26207435343503466,-0.383496006344136,-0.2382696923276818,-0.1382327032752274,0.8864052604279182,1.280727928329292,1.6870547845739468,-0.6919126161531287,1.0672569667868559,-0.9631774724179828,1.6925525987445438,-0.6605041325807084,-0.5097475058154178,-0.3648896763690086,-0.5484642268462742,-0.818624540181307
1.154912669138387,-0.4526952335798245,-1.7063261732354706,-0.7905660103977133,-0.5087813776815836,-1.444970777670213,-0.29439343349065056,-0.1382327032752274,-1.1281521496355325,-0.780805960329528,-0.5927489783638191,1.4452692098024813,1.0672569667868559,-0.9631774724179828,1.6925525987445438,-0.6605041325807084,-0.5097475058154178,-0.3648896763690086,-0.5484642268462742,1.2215612297409535
-0.32018114480336,-0.21755724325332454,-0.3431507743893506,2.3013844241730483,0.27168602090531613,1.4494463499259296,0.3358045324403522,-0.1382327032752274,0.8864052604279182,-0.780805960329528,1.6870547845739468,-0.6919126161531287,-0.9369814684936247,1.038230262476527,-0.5908235884319065,-0.6605041325807084,-0.5097475058154178,2.7405543778353203,1.8232729703268034,-0.818624540181307
-1.3861703904071843,-0.4489776368948206,-1.5064434417106753,-1.0888558344797485,-1.889016826414084,0.7078680850268899,-1.5354843905554656,-0.1382327032752274,0.8864052604279182,1.280727928329292,-0.5927489783638191,-0.6919126161531287,-0.9369814684936247,1.038230262476527,1.6925525987445438,-0.6605041325807084,-0.5097475058154178,-0.3648896763690086,1.8232729703268034,-0.818624540181307
0.4855498568905003,-0.8207373053952166,-0.016634262643876987,-0.8563180683942914,-0.4256404540636445,-0.871418960591435,-1.1414240802622764,-0.1382327032752274,-1.1281521496355325,-0.780805960329528,-0.5927489783638191,-0.6919126161531287,-0.9369814684936247,1.038230262476527,1.6925525987445438,-0.6605041325807084,-0.5097475058154178,-0.3648896763690086,-0.5484642268462742,-0.818624540181307
-1.3139754665828447,0.0008515619906589225,0.45265562876216464,1.2012402342790944,-0.1728535995952276,1.7960008985552192,-0.5000809742421723,-0.1382327032752274,0.8864052604279182,-0.780805960329528,-0.5927489783638191,1.4452692098024813,-0.9369814684936247,-0.9631774724179828,-0.5908235884319065,-0.6605041325807084,1.9617555526835775,-0.3648896763690086,-0.5484642268462742,-0.818624540181307
-0.5305268487853855,-1.2575549158831822,0.33098787913837563,-0.08493416848322421,-0.833655738177117,0.4380563851616624,-1.0681845882481882,-0.1382327032752274,-1.1281521496355325,1.280727928329292,-0.5927489783638191,1.4452692098024813,-0.9369814684936247,-0.9631774724179828,-0.5908235884319065,1.5139950693310888,-0.5097475058154178,-0.3648896763690086,-0.5484642268462742,-0.818624540181307
1.0452833403680937,0.917239144844135,2.6999396623107375,-0.37841286637038657,1.969647152452326,-1.1379993826139654,0.6760920295581169,-0.1382327032752274,0.8864052604279182,-0.780805960329528,-0.5927489783638191,-0.6919126161531287,-0.9369814684936247,1.038230262476527,1.6925525987445438,-0.6605041325807084,-0.5097475058154178,-0.3648896763690086,-0.5484642268462742,-0.818624540181307
-0.8103935905241821,0.5529146697137468,1.3092959067255743,0.6752237703064748,0.5581137115197223,1.074618120173038,-0.04303072040969336,-0.1382327032752274,-1.1281521496355325,-0.780805960329528,-0.5927489783638191,1.4452692098024813,-0.9369814684936247,1.038230262476527,-0.5908235884319065,-0.6605041325807084,1.9617555526835775,-0.3648896763690086,-0.5484642268462742,-0.818624540181307
-0.28809451199254327,0.3781876255185611,-1.2643494501123203,0.8115390124945026,-0.2060138523677005,0.6699005703751975,-0.46206808572399044,-0.1382327032752274,-1.1281521496355325,1.280727928329292,-0.5927489783638191,1.4452692098024813,1.0672569667868559,-0.9631774724179828,-0.5908235884319065,-0.6605041325807084,1.9617555526835775,-0.3648896763690086,1.8232729703268034,-0.818624540181307
-2.182097143186628,0.06498010480697702,0.1385541935089145,0.8885170316124452,-0.8230829039598082,2.425292258420526,-0.8482670918471914,-0.1382327032752274,-1.1281521496355325,1.280727928329292,-0.5927489783638191,1.4452692098024813,1.0672569667868559,-0.9631774724179828,-0.5908235884319065,-0.6605041325807084,1.9617555526835775,-0.3648896763690086,-0.5484642268462742,-0.818624540181307
0.042576065030048384,-0.22406303745208084,0.6674364520776286,-0.02078581921827086,0.1592295115030149,-0.049058749624961775,-0.1733890553804177,-0.1382327032752274,0.8864052604279182,-0.780805960329528,1.6870547845739468,-0.6919126161531287,1.0672569667868559,1.038230262476527,-0.5908235884319065,1.5139950693310888,-0.5097475058154178,-0.3648896763690086,-0.5484642268462742,-0.818624540181307
0.9454582605122168,-0.3523201230847177,2.2602907660298803,-0.8290550199566858,0.9541144112953396,-1.2745208714679277,1.6235657636282743,-0.1382327032752274,0.8864052604279182,-0.780805960329528,-0.5927489783638191,-0.6919126161531287,-0.9369814684936247,1.038230262476527,1.6925525987445438,-0.6605041325807084,-0.5097475058154178,-0.3648896763690086,-0.5484642268462742,1.2215612297409535
0.9098064462779759,1.7471926047712685,-0.10353979808944057,-0.28539775993620414,1.2684159375735629,-0.9683572958723554,0.9297807930817785,-0.1382327032752274,-1.1281521496355325,-0.780805960329528,-0.5927489783638191,-0.6919126161531287,-0.9369814684936247,-0.9631774724179828,-0.5908235884319065,1.5139950693310888,-0.5097475058154178,-0.3648896763690086,1.8232729703268034,-0.818624540181307
